N,K,Solver,p,seed,restart_id,is_best_restart,experiment_phase,Feasibility Ratio (%),Optimization GAP (%),gap_best_of_restarts,Sharpe Ratio In-Sample,Sharpe Ratio Out-of-Sample,Execution Time (s),objective
6,3,Gurobi,,42,,True,N_scaling,100.0,0.0,0.0,2.2250196061044103,0.5016254806739875,0.004876999999396503,-0.16969936584326606
6,3,Simulated Annealing,,42,,True,N_scaling,100.0,0.0,0.0,2.2250196061044103,0.5016254806739875,0.013617300006444566,-0.16969936584326606
6,3,Standard QAOA,3.0,42,0.0,True,N_scaling,98.90495739289975,104.81843058986264,104.81843058986264,0.0461141778232512,-0.12100562519036057,0.29273190000094473,0.00817684615459484
6,3,XY-QAOA,3.0,42,,True,N_scaling,100.0,57.59852386563688,57.59852386563688,1.1043158574887593,0.44614759328531695,0.27101979999861214,-0.07195503610819803
6,3,XY-QAOA Regularized,3.0,42,0.0,True,N_scaling,100.0,21.197796197394037,21.197796197394037,2.207580307040662,0.3800405971386056,0.28492769999138545,-0.1337268401235404
6,3,Gurobi,,43,,True,N_scaling,100.0,0.0,0.0,1.569737245316234,0.2840676226026083,0.003683399991132319,-0.1245977179843954
6,3,Simulated Annealing,,43,,True,N_scaling,100.0,0.0,0.0,1.569737245316234,0.2840676226026083,0.01171789999352768,-0.1245977179843954
6,3,Standard QAOA,3.0,43,0.0,True,N_scaling,93.90903246605322,0.0,0.0,1.569737245316234,0.2840676226026083,0.2919582000031369,-0.1245977179843954
6,3,XY-QAOA,3.0,43,,True,N_scaling,100.0,1.9141971789627878,1.9141971789627878,1.3140146442482428,1.5131803639841177,0.28322499999194406,-0.12221267198168609
6,3,XY-QAOA Regularized,3.0,43,0.0,True,N_scaling,100.00000000000004,1.9141971789627878,1.9141971789627878,1.3140146442482428,1.5131803639841177,0.2844935000030091,-0.12221267198168609
6,3,Gurobi,,44,,True,N_scaling,100.0,0.0,0.0,2.1113684758499756,0.8441618861128735,0.0034577000042190775,-0.1843847830914346
6,3,Simulated Annealing,,44,,True,N_scaling,100.0,0.0,0.0,2.1113684758499756,0.8441618861128735,0.013059399992926046,-0.1843847830914346
6,3,Standard QAOA,3.0,44,0.0,True,N_scaling,92.04502209425675,0.0,0.0,2.1113684758499756,0.8441618861128735,0.281619999994291,-0.1843847830914346
6,3,XY-QAOA,3.0,44,,True,N_scaling,100.0,15.421685139251565,15.421685139251565,1.8828233991258603,0.7451408755531393,0.2824331000010716,-0.1559495423983816
6,3,XY-QAOA Regularized,3.0,44,0.0,True,N_scaling,99.99999999999996,6.998737176841913,6.998737176841913,2.144918406260443,0.8399714697032931,0.2837862000014866,-0.17148017672877505
6,3,Gurobi,,45,,True,N_scaling,100.0,0.0,0.0,2.311678895017132,1.2335307400615103,0.00381220001145266,-0.22545725853736348
6,3,Simulated Annealing,,45,,True,N_scaling,100.0,0.0,0.0,2.311678895017132,1.2335307400615103,0.011721100003342144,-0.22545725853736348
6,3,Standard QAOA,3.0,45,0.0,True,N_scaling,95.5656272841201,0.0,0.0,2.311678895017132,1.2335307400615103,0.28933510000933893,-0.22545725853736348
6,3,XY-QAOA,3.0,45,,True,N_scaling,100.0,27.74555598708883,27.74555598708883,1.6004870851618633,0.8038141772732651,0.28219470000476576,-0.16290288864292368
6,3,XY-QAOA Regularized,3.0,45,0.0,True,N_scaling,99.99999999999993,2.005243755968436,2.005243755968436,2.1659521620594373,1.1793107650660912,0.283842500008177,-0.22093629093816539
6,3,Gurobi,,46,,True,N_scaling,100.0,0.0,0.0,2.4822327927971317,0.2709791426255168,0.003787399997236207,-0.17250697778094173
6,3,Simulated Annealing,,46,,True,N_scaling,100.0,0.0,0.0,2.4822327927971317,0.2709791426255168,0.0143233999988297,-0.17250697778094173
6,3,Standard QAOA,3.0,46,0.0,True,N_scaling,89.54944923143012,42.64023030343934,42.64023030343934,1.1512784392775537,2.2780845471088442,0.2949283999914769,-0.09894960516564524
6,3,XY-QAOA,3.0,46,,True,N_scaling,100.0,0.0,0.0,2.4822327927971317,0.2709791426255168,0.283550500011188,-0.17250697778094173
6,3,XY-QAOA Regularized,3.0,46,0.0,True,N_scaling,100.00000000000003,0.0,0.0,2.4822327927971317,0.2709791426255168,0.2904217999894172,-0.17250697778094173
6,3,Gurobi,,47,,True,N_scaling,100.0,0.0,0.0,2.5038422492431045,0.04420129518313849,0.003745199996046722,-0.1409997785482687
6,3,Simulated Annealing,,47,,True,N_scaling,100.0,0.0,0.0,2.5038422492431045,0.04420129518313849,0.011882799997692928,-0.1409997785482687
6,3,Standard QAOA,3.0,47,0.0,True,N_scaling,94.84472173143438,0.0,0.0,2.5038422492431045,0.04420129518313849,0.29678309999872,-0.1409997785482687
6,3,XY-QAOA,3.0,47,,True,N_scaling,100.0,11.271839370460789,11.271839370460789,1.9032648280483149,-0.10162143618143449,0.284159599992563,-0.12510650999760242
6,3,XY-QAOA Regularized,3.0,47,0.0,True,N_scaling,99.99999999999996,48.2210311150475,48.2210311150475,1.2133735901118485,-0.3876504410769264,0.28754820000904147,-0.07300823146235998
6,3,Gurobi,,48,,True,N_scaling,100.0,0.0,0.0,2.3265622218935,0.6913681864853688,0.004528300007223152,-0.14693784234922477
6,3,Simulated Annealing,,48,,True,N_scaling,100.0,0.0,0.0,2.3265622218935,0.6913681864853688,0.013788700001896359,-0.14693784234922477
6,3,Standard QAOA,3.0,48,0.0,True,N_scaling,94.86199083080446,0.0,0.0,2.3265622218935,0.6913681864853688,0.3269890999945346,-0.14693784234922477
6,3,XY-QAOA,3.0,48,,True,N_scaling,100.0,0.0,0.0,2.3265622218935,0.6913681864853688,0.3050328000099398,-0.14693784234922477
6,3,XY-QAOA Regularized,3.0,48,0.0,True,N_scaling,99.99999999999993,0.0,0.0,2.3265622218935,0.6913681864853688,0.31681960000423715,-0.14693784234922477
6,3,Gurobi,,49,,True,N_scaling,100.0,0.0,0.0,3.050240173108505,0.7662045524457204,0.004537600005278364,-0.20505109416655715
6,3,Simulated Annealing,,49,,True,N_scaling,100.0,0.0,0.0,3.050240173108505,0.7662045524457204,0.01312319999851752,-0.20505109416655715
6,3,Standard QAOA,3.0,49,0.0,True,N_scaling,89.63897483362003,66.23940641285874,66.23940641285874,1.2218233423485165,-0.027556551816715586,0.29508560000977013,-0.06922646654755767
6,3,XY-QAOA,3.0,49,,True,N_scaling,100.0,12.880063489319705,12.880063489319705,2.5448567464608036,0.5915881582187121,0.28854609999689274,-0.17864038305235985
6,3,XY-QAOA Regularized,3.0,49,0.0,True,N_scaling,99.99999999999999,0.0,0.0,3.050240173108505,0.7662045524457204,0.3179671999969287,-0.20505109416655715
6,3,Gurobi,,50,,True,N_scaling,100.0,0.0,0.0,1.9219076669821187,0.14355005818926336,0.0037773000076413155,-0.14599229448130002
6,3,Simulated Annealing,,50,,True,N_scaling,100.0,0.0,0.0,1.9219076669821187,0.14355005818926336,0.012321399990469217,-0.14599229448130002
6,3,Standard QAOA,3.0,50,0.0,True,N_scaling,93.31847934350799,0.0,0.0,1.9219076669821187,0.14355005818926336,0.32019700000819284,-0.14599229448130002
6,3,XY-QAOA,3.0,50,,True,N_scaling,100.0,37.97864263508196,37.97864263508196,1.1035948107922364,-0.5528821478501348,0.3121071000059601,-0.0905464026854906
6,3,XY-QAOA Regularized,3.0,50,0.0,True,N_scaling,100.0,23.948127681015833,23.948127681015833,1.5718297444004203,0.3997679680623196,0.3264694000099553,-0.11102987339447366
6,3,Gurobi,,51,,True,N_scaling,100.0,0.0,0.0,2.1957582355278045,0.8463111051409787,0.0038509000005433336,-0.19595001877044815
6,3,Simulated Annealing,,51,,True,N_scaling,100.0,0.0,0.0,2.1957582355278045,0.8463111051409787,0.014214700000593439,-0.19595001877044815
6,3,Standard QAOA,3.0,51,0.0,True,N_scaling,97.23951105399713,69.90863895103713,69.90863895103713,1.1981316285004748,-0.25021275071541693,0.15218109999841545,-0.058964027623726066
6,3,XY-QAOA,3.0,51,,True,N_scaling,100.0,6.208973146600724,6.208973146600724,2.2860535364190344,0.8518805865379655,0.3143305999983568,-0.18378353472423195
6,3,XY-QAOA Regularized,3.0,51,0.0,True,N_scaling,100.00000000000004,6.208973146600724,6.208973146600724,2.2860535364190344,0.8518805865379655,0.31761959999857936,-0.18378353472423195
6,3,Gurobi,,52,,True,N_scaling,100.0,0.0,0.0,2.4132284916491757,0.7068194973913805,0.004499000002397224,-0.1833792164988461
6,3,Simulated Annealing,,52,,True,N_scaling,100.0,0.0,0.0,2.4132284916491757,0.7068194973913805,0.012276299996301532,-0.1833792164988461
6,3,Standard QAOA,3.0,52,0.0,True,N_scaling,97.50126215184586,0.0,0.0,2.4132284916491757,0.7068194973913805,0.339981799988891,-0.1833792164988461
6,3,XY-QAOA,3.0,52,,True,N_scaling,100.0,17.229098588509007,17.229098588509007,1.8697689515094185,0.4855554243895257,0.3138945000100648,-0.15178463049742452
6,3,XY-QAOA Regularized,3.0,52,0.0,True,N_scaling,99.99999999999997,8.205239759746304,8.205239759746304,2.0614928971702775,0.7675336249170006,0.3275193000008585,-0.16833251211557151
6,3,Gurobi,,53,,True,N_scaling,100.0,0.0,0.0,2.232571020143225,0.7145052980780612,0.005092500010505319,-0.17835667796074425
6,3,Simulated Annealing,,53,,True,N_scaling,100.0,0.0,0.0,2.232571020143225,0.7145052980780612,0.014372499994351529,-0.17835667796074425
6,3,Standard QAOA,3.0,53,0.0,True,N_scaling,89.70737115511832,55.20664356456984,55.20664356456984,1.05676101407191,-0.4129950641887671,0.31845749999047257,-0.07989194248534849
6,3,XY-QAOA,3.0,53,,True,N_scaling,100.0,0.0,0.0,2.232571020143225,0.7145052980780612,0.2885970999923302,-0.17835667796074425
6,3,XY-QAOA Regularized,3.0,53,0.0,True,N_scaling,99.99999999999993,11.46701635227609,11.46701635227609,2.459193190994962,0.6029857058256609,0.2964529000018956,-0.1579044885336093
8,4,Gurobi,,42,,True,N_scaling,100.0,0.0,0.0,2.3274106834120216,0.5107783518696317,0.0037767999892821535,-0.16620031287492046
8,4,Simulated Annealing,,42,,True,N_scaling,100.0,0.0,0.0,2.3274106834120216,0.5107783518696317,0.017728399994666688,-0.16620031287492046
8,4,Standard QAOA,3.0,42,0.0,True,N_scaling,77.56336517874428,103.24743841430725,103.24743841430725,0.13360975582299686,-0.7433847846769145,0.3240894000045955,0.005397252804998991
8,4,XY-QAOA,3.0,42,,True,N_scaling,100.0,27.355269231938728,27.355269231938728,1.7643813372340187,-0.26300828712206015,0.3279251000058139,-0.12073576982366144
8,4,XY-QAOA Regularized,3.0,42,0.0,True,N_scaling,99.99999999999997,36.95132173728653,36.95132173728653,1.66233587615199,0.46577920275510676,0.317312099999981,-0.10478710053613176
8,4,Gurobi,,43,,True,N_scaling,100.0,0.0,0.0,2.132797838205313,0.3980989699242999,0.004282699999748729,-0.14817612239347772
8,4,Simulated Annealing,,43,,True,N_scaling,100.0,0.0,0.0,2.132797838205313,0.3980989699242999,0.017780399997718632,-0.14817612239347772
8,4,Standard QAOA,3.0,43,0.0,True,N_scaling,81.21883846939984,0.0,0.0,2.132797838205313,0.3980989699242999,0.32778370000596624,-0.14817612239347772
8,4,XY-QAOA,3.0,43,,True,N_scaling,100.0,7.371743814235438,7.371743814235438,1.5667917957215591,1.4177785750332894,0.3144460000039544,-0.1372529582567626
8,4,XY-QAOA Regularized,3.0,43,0.0,True,N_scaling,99.9999999999999,6.908299725281408,6.908299725281408,1.7915138983890995,0.46910932342716494,0.32856059999903664,-0.13793967173723645
8,4,Gurobi,,44,,True,N_scaling,100.0,0.0,0.0,2.2898484266643004,0.8684432439456065,0.004404799998155795,-0.17114689022786753
8,4,Simulated Annealing,,44,,True,N_scaling,100.0,0.0,0.0,2.2898484266643004,0.8684432439456065,0.018024100005277433,-0.17114689022786753
8,4,Standard QAOA,3.0,44,0.0,True,N_scaling,48.98126723680213,0.0,0.0,2.2898484266643004,0.8684432439456065,0.3254051999974763,-0.17114689022786753
8,4,XY-QAOA,3.0,44,,True,N_scaling,100.0,12.447560684942486,12.447560684942486,2.112881917690268,0.7714385878186845,0.30988230000366457,-0.1498432772063618
8,4,XY-QAOA Regularized,3.0,44,0.0,True,N_scaling,99.99999999999991,1.099688920966523,1.099688920966523,2.165952772548225,0.6663288158500591,0.31979589999536984,-0.16926480683745293
8,4,Gurobi,,45,,True,N_scaling,100.0,0.0,0.0,2.3243273563914553,1.1681966324458155,0.004275500003132038,-0.21320197150807466
8,4,Simulated Annealing,,45,,True,N_scaling,100.0,0.0,0.0,2.3243273563914553,1.1681966324458155,0.017518199994810857,-0.21320197150807466
8,4,Standard QAOA,3.0,45,0.0,True,N_scaling,95.82364405332507,0.0,0.0,2.3243273563914553,1.1681966324458155,0.3272103000053903,-0.21320197150807466
8,4,XY-QAOA,3.0,45,,True,N_scaling,100.0,16.15738420947781,16.15738420947781,2.0899115257993777,0.9283236541089306,0.3171973999997135,-0.17875410982933362
8,4,XY-QAOA Regularized,3.0,45,0.0,True,N_scaling,99.99999999999997,16.15738420947781,16.15738420947781,2.0899115257993777,0.9283236541089306,0.3390551999909803,-0.17875410982933362
8,4,Gurobi,,46,,True,N_scaling,100.0,0.0,0.0,2.411032783861025,0.47142660326244507,0.0043507999944267794,-0.17278419732094824
8,4,Simulated Annealing,,46,,True,N_scaling,100.0,0.0,0.0,2.411032783861025,0.47142660326244507,0.0190223999961745,-0.17278419732094824
8,4,Standard QAOA,3.0,46,0.0,True,N_scaling,91.70453221390073,52.22331488812688,52.22331488812688,1.1068796769022102,1.9400610580552224,0.327954000007594,-0.08255056187710695
8,4,XY-QAOA,3.0,46,,True,N_scaling,100.0,17.81518178164215,17.81518178164215,1.7994151478076081,1.762541387709989,0.3157193999941228,-0.14200237847827005
8,4,XY-QAOA Regularized,3.0,46,0.0,True,N_scaling,99.99999999999997,0.0,0.0,2.411032783861025,0.47142660326244507,0.33713890000944957,-0.17278419732094824
8,4,Gurobi,,47,,True,N_scaling,100.0,0.0,0.0,2.351951949713781,0.5911471953039968,0.004412899987073615,-0.1727303676515245
8,4,Simulated Annealing,,47,,True,N_scaling,100.0,0.0,0.0,2.351951949713781,0.5911471953039968,0.017392099995049648,-0.1727303676515245
8,4,Standard QAOA,3.0,47,0.0,True,N_scaling,94.50738039404602,0.0,0.0,2.351951949713781,0.5911471953039968,0.33377219999965746,-0.1727303676515245
8,4,XY-QAOA,3.0,47,,True,N_scaling,100.0,22.168619665624558,22.168619665624558,1.8303775421067507,0.5066847500749309,0.31844550000096206,-0.13443842939982303
8,4,XY-QAOA Regularized,3.0,47,0.0,True,N_scaling,99.99999999999994,22.168619665624558,22.168619665624558,1.8303775421067507,0.5066847500749309,0.32273800000257324,-0.13443842939982303
8,4,Gurobi,,48,,True,N_scaling,100.0,0.0,0.0,2.6294139378726866,0.5807138122473282,0.004115000003366731,-0.16257825241349724
8,4,Simulated Annealing,,48,,True,N_scaling,100.0,0.0,0.0,2.6294139378726866,0.5807138122473282,0.01783850000356324,-0.16257825241349724
8,4,Standard QAOA,3.0,48,0.0,True,N_scaling,74.36390264260145,0.0,0.0,2.6294139378726866,0.5807138122473282,0.3303310000046622,-0.16257825241349724
8,4,XY-QAOA,3.0,48,,True,N_scaling,100.0,33.5954637754795,33.5954637754795,1.7794876124954395,0.48486795645467107,0.31937610000022687,-0.10795933451711315
8,4,XY-QAOA Regularized,3.0,48,0.0,True,N_scaling,99.99999999999993,8.291297131503525,8.291297131503525,2.446684388214071,0.6688873378764165,0.3194247999927029,-0.14909840643468839
8,4,Gurobi,,49,,True,N_scaling,100.0,0.0,0.0,2.6756217372733313,0.7918779786483614,0.0042384999978821725,-0.18028762598178835
8,4,Simulated Annealing,,49,,True,N_scaling,100.0,0.0,0.0,2.6756217372733313,0.7918779786483614,0.01894690000335686,-0.18028762598178835
8,4,Standard QAOA,3.0,49,0.0,True,N_scaling,95.92790922484761,0.0,0.0,2.6756217372733313,0.7918779786483614,0.3305858000094304,-0.18028762598178835
8,4,XY-QAOA,3.0,49,,True,N_scaling,100.0,26.905119940971705,26.905119940971705,1.824258571507217,0.583286105493342,0.31578069999522995,-0.13178102397265773
8,4,XY-QAOA Regularized,3.0,49,0.0,True,N_scaling,100.00000000000007,0.0,0.0,2.6756217372733313,0.7918779786483614,0.32783580000977963,-0.18028762598178835
8,4,Gurobi,,50,,True,N_scaling,100.0,0.0,0.0,2.3203374132162793,0.3235789202465029,0.004360799997812137,-0.14905760126909956
8,4,Simulated Annealing,,50,,True,N_scaling,100.0,0.0,0.0,2.3203374132162793,0.3235789202465029,0.018888600010541268,-0.14905760126909956
8,4,Standard QAOA,3.0,50,0.0,True,N_scaling,93.91532526227068,0.0,0.0,2.3203374132162793,0.3235789202465029,0.3304668000055244,-0.14905760126909956
8,4,XY-QAOA,3.0,50,,True,N_scaling,100.0,37.15066811570168,37.15066811570168,1.5962399702023022,0.028537258954636713,0.3050994999939576,-0.09368170652039046
8,4,XY-QAOA Regularized,3.0,50,0.0,True,N_scaling,99.99999999999993,24.85746741756707,24.85746741756707,1.6666003384069523,0.07244350635336474,0.3306528000102844,-0.1120056566002261
8,4,Gurobi,,51,,True,N_scaling,100.0,0.0,0.0,2.38096970647789,0.6062762908933178,0.004487300000619143,-0.19149112951723815
8,4,Simulated Annealing,,51,,True,N_scaling,100.0,0.0,0.0,2.38096970647789,0.6062762908933178,0.020247699998435564,-0.19149112951723815
8,4,Standard QAOA,3.0,51,0.0,True,N_scaling,93.59098758047949,59.00978902715707,59.00978902715707,1.5244081370064282,-0.010355143965708575,0.32046890001220163,-0.07849261798339582
8,4,XY-QAOA,3.0,51,,True,N_scaling,100.0,4.979130459022955,4.979130459022955,2.466928279584589,0.6092169707095243,0.3226098000013735,-0.18195653636111825
8,4,XY-QAOA Regularized,3.0,51,0.0,True,N_scaling,100.0,10.932885437819557,10.932885437819557,2.490725034499439,0.8618679010462557,0.32474709999223705,-0.17055562370353183
8,4,Gurobi,,52,,True,N_scaling,100.0,0.0,0.0,2.4224783990741496,0.6764255532781863,0.004360499995527789,-0.1720631135866637
8,4,Simulated Annealing,,52,,True,N_scaling,100.0,0.0,0.0,2.4224783990741496,0.6764255532781863,0.016959100001258776,-0.1720631135866637
8,4,Standard QAOA,3.0,52,0.0,True,N_scaling,89.18545963064301,0.0,0.0,2.4224783990741496,0.6764255532781863,0.32081799999286886,-0.1720631135866637
8,4,XY-QAOA,3.0,52,,True,N_scaling,100.0,0.0,0.0,2.4224783990741496,0.6764255532781863,0.31897079999907874,-0.1720631135866637
8,4,XY-QAOA Regularized,3.0,52,0.0,True,N_scaling,100.00000000000007,27.53319406072573,27.53319406072573,1.715303139233621,0.7854470508425343,0.3310429999983171,-0.12468864261592065
8,4,Gurobi,,53,,True,N_scaling,100.0,0.0,0.0,2.3922403629911995,0.6462550121325192,0.0042391000024508685,-0.16508290483300886
8,4,Simulated Annealing,,53,,True,N_scaling,100.0,0.0,0.0,2.3922403629911995,0.6462550121325192,0.018447199996444397,-0.16508290483300886
8,4,Standard QAOA,3.0,53,0.0,True,N_scaling,88.09843543138945,0.0,0.0,2.3922403629911995,0.6462550121325192,0.3237133999937214,-0.16508290483300886
8,4,XY-QAOA,3.0,53,,True,N_scaling,100.0,10.922547284677467,10.922547284677467,1.8794394249870379,0.5298530048927941,0.3113798999984283,-0.14705164649370436
8,4,XY-QAOA Regularized,3.0,53,0.0,True,N_scaling,99.99999999999994,12.53185276061856,12.53185276061856,1.945777266619521,0.5900660476695998,0.3229489000077592,-0.14439495826638413
10,5,Gurobi,,42,,True,N_scaling,100.0,0.0,0.0,1.9841512087942927,1.3652946338832694,0.004532999999355525,-0.15659243336212664
10,5,Simulated Annealing,,42,,True,N_scaling,100.0,0.0,0.0,1.9841512087942927,1.3652946338832694,0.023929000002681278,-0.15659243336212664
10,5,Standard QAOA,3.0,42,0.0,True,N_scaling,78.7703875970673,84.64708002943159,84.64708002943159,0.4577170691410467,1.1603695006398334,0.4307810999889625,-0.02404151097405297
10,5,XY-QAOA,3.0,42,,True,N_scaling,100.0,28.930149420103902,28.930149420103902,1.8977614875648396,0.4120577759786402,0.396293700003298,-0.11129000840988677
10,5,XY-QAOA Regularized,3.0,42,0.0,True,N_scaling,100.00000000000003,36.68112965020969,36.68112965020969,1.703026921278384,0.45922575053903764,0.3949570999975549,-0.09915255985814675
10,5,Gurobi,,43,,True,N_scaling,100.0,0.0,0.0,2.2581850222248736,0.43253568428671363,0.004948699992382899,-0.14979958196409648
10,5,Simulated Annealing,,43,,True,N_scaling,100.0,0.0,0.0,2.2581850222248736,0.43253568428671363,0.023242399998707697,-0.14979958196409648
10,5,Standard QAOA,3.0,43,0.0,True,N_scaling,74.74282134756226,0.0,0.0,2.2581850222248736,0.43253568428671363,0.39138570000068285,-0.14979958196409648
10,5,XY-QAOA,3.0,43,,True,N_scaling,100.0,4.842679251205883,4.842679251205883,1.7832940528534662,1.2919995877650503,0.3987515000044368,-0.14254526868992803
10,5,XY-QAOA Regularized,3.0,43,0.0,True,N_scaling,100.00000000000011,31.6261214300283,31.6261214300283,1.3106905336446864,1.2408312902649266,0.4004172999993898,-0.10242378427045656
10,5,Gurobi,,44,,True,N_scaling,100.0,0.0,0.0,2.3935122500685435,0.7710920968456774,0.004720099997939542,-0.16163477628152542
10,5,Simulated Annealing,,44,,True,N_scaling,100.0,0.0,0.0,2.3935122500685435,0.7710920968456774,0.02334050000354182,-0.16163477628152542
10,5,Standard QAOA,3.0,44,0.0,True,N_scaling,83.54944709221999,80.97689358269484,80.97689358269484,0.532732976157259,-0.6639061257120945,0.3894849000062095,-0.030747955499407717
10,5,XY-QAOA,3.0,44,,True,N_scaling,100.0,0.7078939148095277,0.7078939148095277,2.3010865132512186,0.6101644451794149,0.4012185000028694,-0.1604905735360125
10,5,XY-QAOA Regularized,3.0,44,0.0,True,N_scaling,100.00000000000004,6.9982636690356745,6.9982636690356745,1.9651812885661097,0.5869480028440377,0.39841779999551363,-0.15032314845648834
10,5,Gurobi,,45,,True,N_scaling,100.0,0.0,0.0,2.4110990072052987,1.0692206612983115,0.004712800000561401,-0.20253013181204094
10,5,Simulated Annealing,,45,,True,N_scaling,100.0,0.0,0.0,2.4110990072052987,1.0692206612983115,0.022336299996823072,-0.20253013181204094
10,5,Standard QAOA,3.0,45,0.0,True,N_scaling,86.3796561292602,78.58537045880713,78.58537045880713,0.7211464498046141,0.11462701184189553,0.3902356999897165,-0.043371077436838164
10,5,XY-QAOA,3.0,45,,True,N_scaling,100.0,14.651745600082899,14.651745600082899,2.1675695421938035,0.8742549089484682,0.3949483999895165,-0.17285593213542813
10,5,XY-QAOA Regularized,3.0,45,0.0,True,N_scaling,99.99999999999996,22.433137673583307,22.433137673583307,2.2144418136067525,0.7678789171324608,0.3998841000138782,-0.15709626851215605
10,5,Gurobi,,46,,True,N_scaling,100.0,0.0,0.0,2.54119804515872,0.5405153312849689,0.004616400008671917,-0.1638608897773614
10,5,Simulated Annealing,,46,,True,N_scaling,100.0,0.0,0.0,2.54119804515872,0.5405153312849689,0.024089500002446584,-0.1638608897773614
10,5,Standard QAOA,3.0,46,0.0,True,N_scaling,37.316299229012515,0.0,0.0,1.7200668195629323,1.2627841648691445,0.40318729999125935,-0.2207209601970472
10,5,XY-QAOA,3.0,46,,True,N_scaling,100.0,16.852955692449928,16.852955692449928,1.7564453798289752,1.5801959937625687,0.39294479999807663,-0.13624548662592847
10,5,XY-QAOA Regularized,3.0,46,0.0,True,N_scaling,99.99999999999997,2.2314302206761734,2.2314302206761734,2.177201140126643,0.5499102833101086,0.39720340000349097,-0.1602044483630005
10,5,Gurobi,,47,,True,N_scaling,100.0,0.0,0.0,2.3553680016404637,0.631223654443696,0.004370900001958944,-0.1757136441037405
10,5,Simulated Annealing,,47,,True,N_scaling,100.0,0.0,0.0,2.3553680016404637,0.631223654443696,0.02263160000438802,-0.1757136441037405
10,5,Standard QAOA,3.0,47,0.0,True,N_scaling,91.69151216011687,0.0,0.0,2.3553680016404637,0.631223654443696,0.3873313999938546,-0.1757136441037405
10,5,XY-QAOA,3.0,47,,True,N_scaling,100.0,33.71904381661748,33.71904381661748,1.3983250843408248,1.0336860275125184,0.37471990000631195,-0.11646468345662495
10,5,XY-QAOA Regularized,3.0,47,0.0,True,N_scaling,99.99999999999989,17.28532147960041,17.28532147960041,1.9628658201537217,0.5731312635025919,0.4443249000032665,-0.14534097583688801
10,5,Gurobi,,48,,True,N_scaling,100.0,0.0,0.0,2.6159039398022275,0.5437617831031668,0.004455200003576465,-0.16269557723044759
10,5,Simulated Annealing,,48,,True,N_scaling,100.0,0.0,0.0,2.6159039398022275,0.5437617831031668,0.02300689999538008,-0.16269557723044759
10,5,Standard QAOA,3.0,48,0.0,True,N_scaling,78.37926445492084,100.0,100.0,0.0,0.0,0.3899074999935692,0.0
10,5,XY-QAOA,3.0,48,,True,N_scaling,100.0,4.133772515789372,4.133772515789372,2.5696053420287117,0.43194438721132106,0.37908540001080837,-0.15597011217449047
10,5,XY-QAOA Regularized,3.0,48,0.0,True,N_scaling,99.99999999999997,28.662331931255373,28.662331931255373,1.9710577093379567,0.49892204859483785,0.3920186999894213,-0.11606323084718476
10,5,Gurobi,,49,,True,N_scaling,100.0,0.0,0.0,3.2273978174705156,0.5689282474135813,0.0045160000008763745,-0.18368571181962634
10,5,Simulated Annealing,,49,,True,N_scaling,100.0,0.0,0.0,3.2273978174705156,0.5689282474135813,0.025457399999140762,-0.18368571181962634
10,5,Standard QAOA,3.0,49,0.0,True,N_scaling,87.37048735196971,0.0,0.0,3.2273978174705156,0.5689282474135813,0.3888085000071442,-0.18368571181962634
10,5,XY-QAOA,3.0,49,,True,N_scaling,100.0,14.922295004680612,14.922295004680612,2.10865193054736,0.2633933272535552,0.3805338000092888,-0.15627558802045421
10,5,XY-QAOA Regularized,3.0,49,0.0,True,N_scaling,100.0,20.62201789612835,20.62201789612835,2.3583815425896093,0.3512328624676878,0.3798553999949945,-0.14580601145555225
10,5,Gurobi,,50,,True,N_scaling,100.0,0.0,0.0,2.7122811005276977,0.5872529874268514,0.004716499999631196,-0.1662395658482797
10,5,Simulated Annealing,,50,,True,N_scaling,100.0,0.0,0.0,2.7122811005276977,0.5872529874268514,0.024107399993226863,-0.1662395658482797
10,5,Standard QAOA,3.0,50,0.0,True,N_scaling,77.369837759089,0.0,0.0,2.7122811005276977,0.5872529874268514,0.38573249999899417,-0.1662395658482797
10,5,XY-QAOA,3.0,50,,True,N_scaling,100.0,27.86949975892818,27.86949975892818,1.7738270694893983,0.22897006132406889,0.37562469999829773,-0.11990943044495014
10,5,XY-QAOA Regularized,3.0,50,0.0,True,N_scaling,100.0,24.331244409813994,24.331244409813994,2.1329731709879054,0.45163429301437175,0.3976115999976173,-0.1257914107759211
10,5,Gurobi,,51,,True,N_scaling,100.0,0.0,0.0,2.440846780617152,0.6018244564290156,0.00470780000614468,-0.1814278948297432
10,5,Simulated Annealing,,51,,True,N_scaling,100.0,0.0,0.0,2.440846780617152,0.6018244564290156,0.02452849999826867,-0.1814278948297432
10,5,Standard QAOA,3.0,51,0.0,True,N_scaling,68.02080918329749,0.0,0.0,2.440846780617152,0.6018244564290156,0.3870874999993248,-0.1814278948297432
10,5,XY-QAOA,3.0,51,,True,N_scaling,100.0,8.37971876659159,8.37971876659159,2.575648444794969,0.6232166951014069,0.37763400000403635,-0.16622474747886315
10,5,XY-QAOA Regularized,3.0,51,0.0,True,N_scaling,99.99999999999987,5.473150632879142,5.473150632879142,2.6200709317897726,0.6605334576668984,0.38363450000179,-0.1714980728556498
10,5,Gurobi,,52,,True,N_scaling,100.0,0.0,0.0,2.434907081004867,0.6985508179033064,0.00472779999836348,-0.17543594867558857
10,5,Simulated Annealing,,52,,True,N_scaling,100.0,0.0,0.0,2.434907081004867,0.6985508179033064,0.021783400006825104,-0.17543594867558857
10,5,Standard QAOA,3.0,52,0.0,True,N_scaling,87.70931893640567,100.0,100.0,0.0,0.0,0.3854605999949854,0.0
10,5,XY-QAOA,3.0,52,,True,N_scaling,100.0,14.566865881257506,14.566865881257506,2.1731678259535094,0.3570913189541945,0.37547499999345746,-0.14988042932450382
10,5,XY-QAOA Regularized,3.0,52,0.0,True,N_scaling,99.99999999999987,14.566865881257506,14.566865881257506,2.1731678259535094,0.3570913189541945,0.3934187999984715,-0.14988042932450382
10,5,Gurobi,,53,,True,N_scaling,100.0,0.0,0.0,2.473958052399694,0.6215461828029752,0.004609600000549108,-0.15768318211923274
10,5,Simulated Annealing,,53,,True,N_scaling,100.0,0.0,0.0,2.473958052399694,0.6215461828029752,0.023971300004632212,-0.15768318211923274
10,5,Standard QAOA,3.0,53,0.0,True,N_scaling,76.50528272791585,47.72577571926841,47.72577571926841,1.1280841584892016,-0.3607559773109102,0.3863215999881504,-0.08242766027400217
10,5,XY-QAOA,3.0,53,,True,N_scaling,100.0,11.776083594614278,11.776083594614278,1.7515256148545673,0.5963148125756523,0.37577619998774026,-0.13911427877822402
10,5,XY-QAOA Regularized,3.0,53,0.0,True,N_scaling,99.99999999999993,10.20932252813626,10.20932252813626,2.1471053900931465,0.6462542122330273,0.3938858000037726,-0.14158479748405178
12,6,Gurobi,,42,,True,N_scaling,100.0,0.0,0.0,2.5285192156081937,0.694835864865295,0.012665499991271645,-0.16590366757480027
12,6,Simulated Annealing,,42,,True,N_scaling,100.0,0.3493945886654261,0.3493945886654261,2.1434871985521458,1.433027851213,0.029939600004581735,-0.16532400913789644
12,6,Standard QAOA,3.0,42,0.0,True,N_scaling,73.51687908576898,75.02083228831309,75.02083228831309,0.7211307686612969,1.0554381617104156,0.5405723000003491,-0.04144135536334889
12,6,XY-QAOA,3.0,42,,True,N_scaling,100.0,30.99593794390632,30.99593794390632,1.790773756834068,0.8614108893542829,0.618853299994953,-0.11448026972665054
12,6,XY-QAOA Regularized,3.0,42,0.0,True,N_scaling,100.00000000000004,28.344344133530637,28.344344133530637,1.6398258750082446,1.3571862198709013,0.6148755999893183,-0.1188793611072502
12,6,Gurobi,,43,,True,N_scaling,100.0,0.0,0.0,2.4921760936628554,0.6894761053390506,0.004111699992790818,-0.19942376469748915
12,6,Simulated Annealing,,43,,True,N_scaling,100.0,0.0,0.0,2.4921760936628554,0.6894761053390506,0.026647100006812252,-0.19942376469748915
12,6,Standard QAOA,3.0,43,0.0,True,N_scaling,88.76289864648118,0.0,0.0,2.4921760936628554,0.6894761053390506,0.5495502000121633,-0.19942376469748915
12,6,XY-QAOA,3.0,43,,True,N_scaling,100.0,25.036252211241216,25.036252211241216,1.6345675679724614,1.2913007352802182,0.6171537999907741,-0.14949552799867355
12,6,XY-QAOA Regularized,3.0,43,0.0,True,N_scaling,100.00000000000003,25.036252211241216,25.036252211241216,1.6345675679724614,1.2913007352802182,0.6128466999944067,-0.14949552799867355
12,6,Gurobi,,44,,True,N_scaling,100.0,0.0,0.0,2.3942151180335487,0.6547760312279247,0.004514700005529448,-0.16963696268215847
12,6,Simulated Annealing,,44,,True,N_scaling,100.0,0.0,0.0,2.3942151180335487,0.6547760312279247,0.029211500004748814,-0.16963696268215847
12,6,Standard QAOA,3.0,44,0.0,True,N_scaling,64.99456224136114,100.0,100.0,0.0,0.0,0.5471995000116294,0.0
12,6,XY-QAOA,3.0,44,,True,N_scaling,100.0,20.650546546250695,20.650546546250695,2.3715863633054517,0.2652019131092402,0.641334599989932,-0.13460600274383341
12,6,XY-QAOA Regularized,3.0,44,0.0,True,N_scaling,99.99999999999993,20.650546546250695,20.650546546250695,2.3715863633054517,0.2652019131092402,0.6144301999884192,-0.13460600274383341
12,6,Gurobi,,45,,True,N_scaling,100.0,0.0,0.0,2.4419825691624912,1.0084446617504488,0.0042310999997425824,-0.19362009727208684
12,6,Simulated Annealing,,45,,True,N_scaling,100.0,0.6010832599575877,0.6010832599575877,2.4596217326990617,1.0093262111205192,0.028229299990925938,-0.19245627927947073
12,6,Standard QAOA,3.0,45,0.0,True,N_scaling,69.49393445709677,0.0,0.0,1.8885136922931716,0.6549571867398436,0.5447935000120196,-0.2259432584934604
12,6,XY-QAOA,3.0,45,,True,N_scaling,100.0,31.03188108536987,31.03188108536987,2.247041534397182,0.4493614734994616,0.6132940000097733,-0.13353613892923538
12,6,XY-QAOA Regularized,3.0,45,0.0,True,N_scaling,100.00000000000007,15.98205422650438,15.98205422650438,2.4443623886467964,0.7973202419445314,0.6026819000107935,-0.1626756283326514
12,6,Gurobi,,46,,True,N_scaling,100.0,0.0,0.0,2.715983191802343,0.5372624849134643,0.0049276000063400716,-0.16404222475963504
12,6,Simulated Annealing,,46,,True,N_scaling,100.0,0.0,0.0,2.715983191802343,0.5372624849134643,0.030419399990933016,-0.16404222475963504
12,6,Standard QAOA,3.0,46,0.0,True,N_scaling,37.540296777114456,0.0,0.0,1.695201358299271,1.0904893250149281,0.5438888000062434,-0.20425378337990707
12,6,XY-QAOA,3.0,46,,True,N_scaling,100.0,20.553247157959696,20.553247157959696,2.0165451011827242,0.4745036421316611,0.6263285000022734,-0.1303262208613715
12,6,XY-QAOA Regularized,3.0,46,0.0,True,N_scaling,99.99999999999997,11.039530888971836,11.039530888971836,1.9745455173941617,0.7339016183862994,0.6080333999998402,-0.14593273268633852
12,6,Gurobi,,47,,True,N_scaling,100.0,0.0,0.0,2.705673399918675,0.49202422746967395,0.004394899995531887,-0.18357509410048603
12,6,Simulated Annealing,,47,,True,N_scaling,100.0,0.0,0.0,2.705673399918675,0.49202422746967395,0.02829619999101851,-0.18357509410048603
12,6,Standard QAOA,3.0,47,0.0,True,N_scaling,92.23680127854786,68.18793029864084,68.18793029864084,0.9352472360549561,0.15472216658627042,0.5579655000037747,-0.05839903688958229
12,6,XY-QAOA,3.0,47,,True,N_scaling,100.0,26.71856965459568,26.71856965459568,2.535907559674886,-0.10312961097793577,0.640160900002229,-0.1345264547147581
12,6,XY-QAOA Regularized,3.0,47,0.0,True,N_scaling,100.00000000000013,39.167634706075575,39.167634706075575,1.6282092921889921,0.5376945938145604,0.6272262999991653,-0.11167307183187317
12,6,Gurobi,,48,,True,N_scaling,100.0,0.0,0.0,2.299725888762939,0.9736558116606079,0.004459399991901591,-0.21249442063550625
12,6,Simulated Annealing,,48,,True,N_scaling,100.0,0.6138353956841435,0.6138353956841435,2.1791777639060204,0.8734218696784672,0.027225099998759106,-0.21119005466779156
12,6,Standard QAOA,3.0,48,0.0,True,N_scaling,92.23635451218885,0.6138353956841435,0.6138353956841435,2.1791777639060204,0.8734218696784672,0.5462234000005992,-0.21119005466779156
12,6,XY-QAOA,3.0,48,,True,N_scaling,100.0,33.1410545029328,33.1410545029328,1.969375442065931,0.6011774452876002,0.646759800001746,-0.14207152887700183
12,6,XY-QAOA Regularized,3.0,48,0.0,True,N_scaling,100.00000000000009,11.901174532774222,11.901174532774222,2.278125300287299,0.9742879366885946,0.6551690999913262,-0.18720508876326725
12,6,Gurobi,,49,,True,N_scaling,100.0,0.0,0.0,2.804722541682923,0.6506924353909527,0.004194699999061413,-0.19363420709590834
12,6,Simulated Annealing,,49,,True,N_scaling,100.0,3.878486685940319,3.878486685940319,2.8653931541160365,0.880939619343164,0.031343499998911284,-0.18612413015426743
12,6,Standard QAOA,3.0,49,0.0,True,N_scaling,97.33999427954365,64.97482755032674,64.97482755032674,1.3076575727197413,0.2743239500268854,0.5518983000074513,-0.06782071495689934
12,6,XY-QAOA,3.0,49,,True,N_scaling,100.0,26.4311732765366,26.4311732765366,2.118491691425039,0.3478874353905987,0.637720700004138,-0.14245441429574107
12,6,XY-QAOA Regularized,3.0,49,0.0,True,N_scaling,100.00000000000009,26.4311732765366,26.4311732765366,2.118491691425039,0.3478874353905987,0.6340462000080151,-0.14245441429574107
12,6,Gurobi,,50,,True,N_scaling,100.0,0.0,0.0,3.0232847448116704,0.43467779458722644,0.004308499992475845,-0.17490653424548674
12,6,Simulated Annealing,,50,,True,N_scaling,100.0,0.0,0.0,3.0232847448116704,0.43467779458722644,0.030598999990615994,-0.17490653424548674
12,6,Standard QAOA,3.0,50,0.0,True,N_scaling,74.57987059004124,0.0,0.0,3.0232847448116704,0.43467779458722644,0.5410131000098772,-0.17490653424548674
12,6,XY-QAOA,3.0,50,,True,N_scaling,100.0,18.50415955990128,18.50415955990128,2.019674949063713,0.00020323522749009888,0.6354446999903303,-0.1425415500680085
12,6,XY-QAOA Regularized,3.0,50,0.0,True,N_scaling,99.99999999999991,31.23333652741453,31.23333652741453,1.873306765186435,-0.11567339860674346,0.6218511000042781,-0.12027738779615633
12,6,Gurobi,,51,,True,N_scaling,100.0,0.0,0.0,2.5737687291577545,0.6535619319427441,0.0047002999926917255,-0.17290471995791565
12,6,Simulated Annealing,,51,,True,N_scaling,100.0,0.0,0.0,2.5737687291577545,0.6535619319427441,0.031249600011506118,-0.17290471995791565
12,6,Standard QAOA,3.0,51,0.0,True,N_scaling,52.46402339048628,100.0,100.0,0.0,0.0,0.5375686000043061,0.0
12,6,XY-QAOA,3.0,51,,True,N_scaling,100.0,9.721100658751082,9.721100658751082,2.2534607893841243,0.3343730519197865,0.6305013999954099,-0.156096478087075
12,6,XY-QAOA Regularized,3.0,51,0.0,True,N_scaling,99.99999999999997,9.692403434124323,9.692403434124323,2.3961874591859047,0.6563542452233554,0.6213239000062458,-0.1561460969429516
12,6,Gurobi,,52,,True,N_scaling,100.0,0.0,0.0,2.4112507622736032,0.7611853466894202,0.0044658000115305185,-0.175265087306448
12,6,Simulated Annealing,,52,,True,N_scaling,100.0,2.1757472095005777,2.1757472095005777,2.1946939120572417,0.8594088667132268,0.02833929999906104,-0.1714517620601492
12,6,Standard QAOA,3.0,52,0.0,True,N_scaling,74.72875270656726,0.0,0.0,2.4112507622736032,0.7611853466894202,0.5613562000071397,-0.175265087306448
12,6,XY-QAOA,3.0,52,,True,N_scaling,100.0,18.482227486631576,18.482227486631576,1.9880172136109822,0.4529918089895169,0.6128042999916943,-0.14287219516582683
12,6,XY-QAOA Regularized,3.0,52,0.0,True,N_scaling,99.99999999999993,18.482227486631576,18.482227486631576,1.9880172136109822,0.4529918089895169,0.5963339000009,-0.14287219516582683
12,6,Gurobi,,53,,True,N_scaling,100.0,0.0,0.0,2.444225544809917,0.8132919426683021,0.004811799997696653,-0.19646466881552824
12,6,Simulated Annealing,,53,,True,N_scaling,100.0,0.07735112368841694,0.07735112368841694,2.4616097299687194,0.8693397591166224,0.028081700002076104,-0.1963127011865487
12,6,Standard QAOA,3.0,53,0.0,True,N_scaling,81.74202427916451,0.0,0.0,1.9083807751054265,0.18934595995092693,0.5627334000018891,-0.2519798063818923
12,6,XY-QAOA,3.0,53,,True,N_scaling,100.0,8.017937310877628,8.017937310877628,1.9608290531581742,0.557618066687736,0.6446482000028482,-0.18071225483187583
12,6,XY-QAOA Regularized,3.0,53,0.0,True,N_scaling,99.99999999999994,18.802447741373957,18.802447741373957,1.9397071134192392,-0.0535523156679402,0.6049667000042973,-0.15952450213122513
14,7,Gurobi,,42,,True,N_scaling,100.0,0.0,0.0,2.3319254836591403,1.374016892659323,0.005099500005599111,-0.16592715368449842
14,7,Simulated Annealing,,42,,True,N_scaling,100.0,2.8061655259520797,2.8061655259520797,2.3429474136442923,1.37635580055334,0.03674330000649206,-0.1612709630996105
14,7,Standard QAOA,3.0,42,0.0,True,N_scaling,71.80818063496865,76.98099899061971,76.98099899061971,0.6493863802485292,0.42162165810289925,1.095910100004403,-0.03819477318147068
14,7,XY-QAOA,3.0,42,,True,N_scaling,100.0,14.388875412577512,14.388875412577512,2.125045353292346,1.32548087549326,1.069303399999626,-0.14205210226519993
14,7,XY-QAOA Regularized,3.0,42,0.0,True,N_scaling,100.00000000000009,31.620354740801197,31.620354740801197,1.6972295168173088,1.2886307701404718,1.1060857999982545,-0.11346039907814563
14,7,Gurobi,,43,,True,N_scaling,100.0,0.0,0.0,2.2535393127755237,1.2959754326281852,0.004644100001314655,-0.18801383917150982
14,7,Simulated Annealing,,43,,True,N_scaling,100.0,3.756901832600955,3.756901832600955,2.246382962982109,1.2702751128696061,0.032727099998737685,-0.18095034380213196
14,7,Standard QAOA,3.0,43,0.0,True,N_scaling,80.53038808813801,0.1499029507194564,0.1499029507194564,2.387194501386582,0.5269486755235547,1.1028768999967724,-0.1877320008788308
14,7,XY-QAOA,3.0,43,,True,N_scaling,100.0,27.439403657555893,27.439403657555893,1.5575683049302602,1.1361816175243509,1.0758649000053992,-0.1364239629091713
14,7,XY-QAOA Regularized,3.0,43,0.0,True,N_scaling,100.00000000000013,30.808472919971248,30.808472919971248,1.5611467351828772,0.35222734700469505,1.1014125000074273,-0.13008964644455692
14,7,Gurobi,,44,,True,N_scaling,100.0,0.0,0.0,2.4667402392654236,0.6142244492892334,0.004524899995885789,-0.16303213854251009
14,7,Simulated Annealing,,44,,True,N_scaling,100.0,0.8572768590469256,0.8572768590469256,2.2386141809726645,0.4841678485183731,0.037164599998504855,-0.16163450174597582
14,7,Standard QAOA,3.0,44,0.0,True,N_scaling,52.5278920966747,0.0,0.0,1.6685257093567913,0.09498387286777364,1.1070584000117378,-0.18856024116778713
14,7,XY-QAOA,3.0,44,,True,N_scaling,100.0,33.975947259215296,33.975947259215296,1.7981059038888043,0.12426684241727405,1.0665628999995533,-0.10764042513573605
14,7,XY-QAOA Regularized,3.0,44,0.0,True,N_scaling,99.99999999999994,19.596658238386972,19.596658238386972,1.9532153875793399,0.5905628996966749,1.1148290000128327,-0.13108328753360082
14,7,Gurobi,,45,,True,N_scaling,100.0,0.0,0.0,2.523230895047299,0.8352536401397629,0.004725100006908178,-0.1911175701628825
14,7,Simulated Annealing,,45,,True,N_scaling,100.0,1.353283765740737,1.353283765740737,2.48458739828688,0.8447493877745527,0.03809679999540094,-0.18853120711239005
14,7,Standard QAOA,3.0,45,0.0,True,N_scaling,29.433722807478667,84.40375217744057,84.40375217744057,0.6155392084547082,-0.049535210431152325,1.1051081999903545,-0.029807169875057053
14,7,XY-QAOA,3.0,45,,True,N_scaling,100.0,36.589098345920036,36.589098345920036,1.9389493504002409,0.5096170554390872,1.076887599992915,-0.1211893744596527
14,7,XY-QAOA Regularized,3.0,45,0.0,True,N_scaling,100.00000000000009,30.348879092179743,30.348879092179743,1.9127927819718744,0.6109793186671857,1.1178751999977976,-0.1331155298702375
14,7,Gurobi,,46,,True,N_scaling,100.0,0.0,0.0,2.7471634427252303,0.5932491439584662,0.0048743999941507354,-0.17097596653358674
14,7,Simulated Annealing,,46,,True,N_scaling,100.0,2.6900843932549034,2.6900843932549034,2.6712831795568515,0.502082750865427,0.03682940000726376,-0.16637656874165
14,7,Standard QAOA,3.0,46,0.0,True,N_scaling,68.84643465277793,100.0,100.0,0.0,0.0,1.122941900001024,0.0
14,7,XY-QAOA,3.0,46,,True,N_scaling,100.0,22.59429588693668,22.59429588693668,2.066799289673053,0.5287048725687052,1.1100434999971185,-0.1323451507594383
14,7,XY-QAOA Regularized,3.0,46,0.0,True,N_scaling,99.99999999999987,18.677873101836422,18.677873101836422,1.8564676014263075,1.5659823911915018,1.0920229999901494,-0.1390412924698051
14,7,Gurobi,,47,,True,N_scaling,100.0,0.0,0.0,2.8136773445502645,0.6494039994898749,0.004487199999857694,-0.19927561297031607
14,7,Simulated Annealing,,47,,True,N_scaling,100.0,1.6370752952503362,1.6370752952503362,2.551619567911645,0.7008723474986068,0.03391889999329578,-0.19601332114092035
14,7,Standard QAOA,3.0,47,0.0,True,N_scaling,64.84290066316463,0.0,0.0,2.0460012556675333,0.4755124121943701,1.1103404000023147,-0.24738479967045826
14,7,XY-QAOA,3.0,47,,True,N_scaling,100.0,20.323766808938405,20.323766808938405,2.487583270326444,0.24662365002030454,1.0997513000038452,-0.1587753020831464
14,7,XY-QAOA Regularized,3.0,47,0.0,True,N_scaling,99.99999999999989,12.805139482837202,12.805139482837202,2.3152106612467716,0.5707115645178372,1.1638410000014119,-0.17375809277418827
14,7,Gurobi,,48,,True,N_scaling,100.0,0.0,0.0,2.3694873756684607,0.9599899717972517,0.004877399987890385,-0.21263258622780884
14,7,Simulated Annealing,,48,,True,N_scaling,100.0,1.1605593345253509,1.1605593345253509,2.2318618561919292,0.8881323880694364,0.032587099994998425,-0.21016485890009934
14,7,Standard QAOA,3.0,48,0.0,True,N_scaling,35.088050872013234,0.0,0.0,2.0046713464556336,0.7027078291316677,1.2005691999947885,-0.26806877734446266
14,7,XY-QAOA,3.0,48,,True,N_scaling,100.0,10.338031024721353,10.338031024721353,2.344010765305847,0.9588978724282766,1.1709935999970185,-0.19065056349491058
14,7,XY-QAOA Regularized,3.0,48,0.0,True,N_scaling,100.00000000000004,10.338031024721353,10.338031024721353,2.344010765305847,0.9588978724282766,1.195102699988638,-0.19065056349491058
14,7,Gurobi,,49,,True,N_scaling,100.0,0.0,0.0,3.0901143268219906,0.509276411196791,0.00467959999514278,-0.19761365269646575
14,7,Simulated Annealing,,49,,True,N_scaling,100.0,0.0,0.0,3.0901143268219906,0.509276411196791,0.03710109999519773,-0.19761365269646575
14,7,Standard QAOA,3.0,49,0.0,True,N_scaling,81.65192602640754,66.76872512950916,66.76872512950916,1.2639778169964013,0.13489811832543408,1.1070876000012504,-0.06566953610917967
14,7,XY-QAOA,3.0,49,,True,N_scaling,100.0,13.679366039382653,13.679366039382653,2.860306286153864,0.43016769668704063,1.069056799999089,-0.17058135780032183
14,7,XY-QAOA Regularized,3.0,49,0.0,True,N_scaling,99.99999999999993,13.190510053815323,13.190510053815323,2.638994575462622,0.35821685814902865,1.1191925000021001,-0.17154740396982673
14,7,Gurobi,,50,,True,N_scaling,100.0,0.0,0.0,3.0852787558415224,0.3144006751824778,0.004555400009849109,-0.17500274061278498
14,7,Simulated Annealing,,50,,True,N_scaling,100.0,3.1420035316604285,3.1420035316604285,2.6725749576802387,0.111457655773624,0.0373185999924317,-0.16950414832222874
14,7,Standard QAOA,3.0,50,0.0,True,N_scaling,61.07978607076207,0.0,0.0,1.995083443478886,-0.14120671748301492,1.1144580000109272,-0.20763075353286897
14,7,XY-QAOA,3.0,50,,True,N_scaling,100.0,8.89378996908125,8.89378996908125,2.697589424422216,-0.22370125456473305,1.131523299991386,-0.15943836442254783
14,7,XY-QAOA Regularized,3.0,50,0.0,True,N_scaling,100.00000000000013,34.57742242494597,34.57742242494597,2.027069175762537,-0.13332519897088982,1.188723100000061,-0.11449130373586984
14,7,Gurobi,,51,,True,N_scaling,100.0,0.0,0.0,2.6398757796055334,0.6156171398104506,0.004900100000668317,-0.1657755725048055
14,7,Simulated Annealing,,51,,True,N_scaling,100.0,0.9776213234567988,0.9776213234567988,2.3450823949978186,0.4742243830494145,0.036155499998130836,-0.16415491515891595
14,7,Standard QAOA,3.0,51,0.0,True,N_scaling,70.56237114822761,100.0,100.0,0.0,0.0,1.1183769999915967,0.0
14,7,XY-QAOA,3.0,51,,True,N_scaling,100.0,16.97939500022518,16.97939500022518,2.096779338397073,0.27416358444717503,1.1398390000103973,-0.1376278832353299
14,7,XY-QAOA Regularized,3.0,51,0.0,True,N_scaling,99.99999999999993,25.572788082343596,25.572788082343596,2.106133682255196,0.6391257314470831,1.102282500010915,-0.12338213665585974
14,7,Gurobi,,52,,True,N_scaling,100.0,0.0,0.0,2.4600169753733576,0.7072046458242278,0.005100599999423139,-0.18033708934411236
14,7,Simulated Annealing,,52,,True,N_scaling,100.0,0.46401214383148215,0.46401214383148215,2.187312172062585,1.3589839614932067,0.033948900003451854,-0.17950030334972344
14,7,Standard QAOA,3.0,52,0.0,True,N_scaling,70.52482345884155,0.0,0.0,2.4600169753733576,0.7072046458242278,1.0828583000111394,-0.18033708934411236
14,7,XY-QAOA,3.0,52,,True,N_scaling,100.0,22.65441713279212,22.65441713279212,1.8193471783992572,1.1144129792131576,1.1384741000074428,-0.13948277287896113
14,7,XY-QAOA Regularized,3.0,52,0.0,True,N_scaling,99.99999999999997,20.829676254409808,20.829676254409808,2.135410525746719,0.3064284114827216,1.180757399997674,-0.14277345746710798
14,7,Gurobi,,53,,True,N_scaling,100.0,0.0,0.0,2.5766887759788966,0.9154472703821551,0.0048423999978695065,-0.21021900279727831
14,7,Simulated Annealing,,53,,True,N_scaling,100.0,0.0,0.0,2.5766887759788966,0.9154472703821551,0.03454740000597667,-0.21021900279727831
14,7,Standard QAOA,3.0,53,0.0,True,N_scaling,73.27277145633155,0.0,0.0,1.999296064638601,0.33370208296532133,1.1100578000041423,-0.2687171385207728
14,7,XY-QAOA,3.0,53,,True,N_scaling,100.0,12.407991340290684,12.407991340290684,1.9521309376799374,0.6979991488966361,1.0904961999913212,-0.1841350471345466
14,7,XY-QAOA Regularized,3.0,53,0.0,True,N_scaling,100.0,13.875813478470405,13.875813478470405,2.338347498137733,0.3398122873024355,1.1107134000048973,-0.1810494060728275
16,8,Gurobi,,42,,True,N_scaling,100.0,0.0,0.0,2.3055762793676755,1.3022131155604348,0.005992499995045364,-0.1640934218644965
16,8,Simulated Annealing,,42,,True,N_scaling,100.0,4.23217730997075,4.23217730997075,2.0530227028723815,1.1307099124193778,0.043481300002895296,-0.1571486972971927
16,8,Standard QAOA,3.0,42,0.0,True,N_scaling,71.24556476167763,75.75973215711905,75.75973215711905,0.6962512731949774,-0.4868833892377201,3.0985734999994747,-0.03977668497250253
16,8,XY-QAOA,3.0,42,,True,N_scaling,100.0,21.644286199817884,21.644286199817884,2.38917638438757,0.5571970311059845,3.8178595999925165,-0.12857657200107034
16,8,XY-QAOA Regularized,3.0,42,0.0,True,N_scaling,99.99999999999997,36.09422680173476,36.09422680173476,2.0388653839176927,0.4755225996809184,3.868382200002088,-0.1048651700099977
16,8,Gurobi,,43,,True,N_scaling,100.0,0.0,0.0,2.3737470774825775,0.7957394846345235,0.005354599998099729,-0.2047360769414063
16,8,Simulated Annealing,,43,,True,N_scaling,100.0,4.223586854274905,4.223586854274905,2.2929762609188984,0.7527346919597919,0.039228599998750724,-0.1960888709097509
16,8,Standard QAOA,3.0,43,0.0,True,N_scaling,78.536165340665,5.848110533338723,5.848110533338723,2.240041182840637,0.6922926303158317,3.1157538999977987,-0.19276288486025145
16,8,XY-QAOA,3.0,43,,True,N_scaling,100.0,27.888748960635258,27.888748960635258,1.5901682454324189,1.1984148197198408,3.7642149000021163,-0.14763774641136446
16,8,XY-QAOA Regularized,3.0,43,0.0,True,N_scaling,99.99999999999987,15.478260215967518,15.478260215967518,1.8507415619294505,1.2267056750696144,3.89812259998871,-0.17304649419645196
16,8,Gurobi,,44,,True,N_scaling,100.0,0.0,0.0,2.4025519839926783,0.7057059151031002,0.006335300000500865,-0.16640283814374898
16,8,Simulated Annealing,,44,,True,N_scaling,100.0,2.688745568453171,2.688745568453171,2.2510991683933823,0.7222016635499293,0.04313979999278672,-0.16192868920737863
16,8,Standard QAOA,3.0,44,0.0,True,N_scaling,76.2862570505326,0.0,0.0,1.7813566015344275,0.199442019827245,3.1328063999972073,-0.20248740204048526
16,8,XY-QAOA,3.0,44,,True,N_scaling,100.0,25.72822324511578,25.72822324511578,2.059887472742224,0.46835488838208494,3.7591566999908537,-0.12359034445991657
16,8,XY-QAOA Regularized,3.0,44,0.0,True,N_scaling,99.99999999999983,25.72822324511578,25.72822324511578,2.059887472742224,0.46835488838208494,3.906046600008267,-0.12359034445991657
16,8,Gurobi,,45,,True,N_scaling,100.0,0.0,0.0,2.537878764013297,0.8060648515442319,0.005221699990215711,-0.18469933817091466
16,8,Simulated Annealing,,45,,True,N_scaling,100.0,3.8869333091411153,3.8869333091411153,2.327709109808483,0.7804174405500691,0.04047500000160653,-0.1775201980737862
16,8,Standard QAOA,3.0,45,0.0,True,N_scaling,95.95840969818975,0.0,0.0,2.537878764013297,0.8060648515442319,3.1053443999990122,-0.18469933817091466
16,8,XY-QAOA,3.0,45,,True,N_scaling,100.0,45.908669371857755,45.908669371857755,1.417096594062834,0.3230632200438795,3.7788180999923497,-0.09990632967801999
16,8,XY-QAOA Regularized,3.0,45,0.0,True,N_scaling,99.99999999999983,4.629652430973764,4.629652430973764,2.2906961319003827,0.936204911973564,3.8827958999900147,-0.17614840077129246
16,8,Gurobi,,46,,True,N_scaling,100.0,0.0,0.0,2.721166701115129,0.5719626070008753,0.006093999996664934,-0.17584135136427334
16,8,Simulated Annealing,,46,,True,N_scaling,100.0,5.318807791376819,5.318807791376819,2.3085418687336494,1.104167203620096,0.04272599999967497,-0.16648868786744808
16,8,Standard QAOA,3.0,46,0.0,True,N_scaling,42.94094491637528,0.0,0.0,1.8131742795336865,0.8524094892122314,3.1786456999980146,-0.21363965650927022
16,8,XY-QAOA,3.0,46,,True,N_scaling,100.0,32.22894016727986,32.22894016727986,1.78540476012725,1.082557801599197,3.7714629999973113,-0.11916954744374533
16,8,XY-QAOA Regularized,3.0,46,0.0,True,N_scaling,99.99999999999984,14.166129668295813,14.166129668295813,2.2678346568025773,0.534539440286112,3.9066693000058876,-0.15093143751952673
16,8,Gurobi,,47,,True,N_scaling,100.0,0.0,0.0,2.8038884913078994,0.6185784161421273,0.005185899994103238,-0.20072349354366395
16,8,Simulated Annealing,,47,,True,N_scaling,100.0,3.24923433849318,3.24923433849318,2.47957268609667,0.7630116105388162,0.041260300000431016,-0.19420151686602008
16,8,Standard QAOA,3.0,47,0.0,True,N_scaling,32.344866872549524,0.0,0.0,1.9935801897947523,0.4585437798429117,3.1664490999974078,-0.23695796331434063
16,8,XY-QAOA,3.0,47,,True,N_scaling,100.0,9.341987047655753,9.341987047655753,2.566353965813416,0.5772507494668809,3.779940499996883,-0.18197193077521273
16,8,XY-QAOA Regularized,3.0,47,0.0,True,N_scaling,99.99999999999977,26.737718789019134,26.737718789019134,2.048256697460506,0.6650444750218503,3.884404299999005,-0.1470546102964641
16,8,Gurobi,,48,,True,N_scaling,100.0,0.0,0.0,2.5027019766990186,0.9308565900396459,0.00508260000788141,-0.20766361624541896
16,8,Simulated Annealing,,48,,True,N_scaling,100.0,4.063851655368,4.063851655368,2.314862237307281,0.8793922912584726,0.03967890000785701,-0.19922447493903245
16,8,Standard QAOA,3.0,48,0.0,True,N_scaling,87.1731668228375,100.0,100.0,0.0,0.0,3.1664098000037484,0.0
16,8,XY-QAOA,3.0,48,,True,N_scaling,100.0,18.844493977313142,18.844493977313142,2.195463154374709,0.6574568758090111,3.8637543999939226,-0.1685304585889803
16,8,XY-QAOA Regularized,3.0,48,0.0,True,N_scaling,99.99999999999996,21.58374023686265,21.58374023686265,2.1330158938632575,0.8894784330002059,4.1821417000028305,-0.16284204074853242
16,8,Gurobi,,49,,True,N_scaling,100.0,0.0,0.0,3.244054058835059,0.5178321126342592,0.005088799996883608,-0.1938455972870446
16,8,Simulated Annealing,,49,,True,N_scaling,100.0,9.639170082229082,9.639170082229082,2.68346093836158,0.3629946244668858,0.05023589999473188,-0.17516049046763352
16,8,Standard QAOA,3.0,49,0.0,True,N_scaling,78.77360356946058,74.34152629546402,74.34152629546402,0.9965051419123692,-0.10763900310198679,3.095144300008542,-0.04973782160729703
16,8,XY-QAOA,3.0,49,,True,N_scaling,100.0,21.526178498054016,21.526178498054016,2.5835215710666817,0.35379663667676503,3.821964899994782,-0.15211804800441642
16,8,XY-QAOA Regularized,3.0,49,0.0,True,N_scaling,99.99999999999997,17.196386746704043,17.196386746704043,2.298644273066794,0.5099147215725928,3.845225600001868,-0.16051115868610596
16,8,Gurobi,,50,,True,N_scaling,100.0,0.0,0.0,2.853251921967118,0.20799246428193552,0.005245299995294772,-0.16781396178985375
16,8,Simulated Annealing,,50,,True,N_scaling,100.0,4.637385925831711,4.637385925831711,2.8036897348290326,0.17147115096071208,0.041046900005312636,-0.16003178074423047
16,8,Standard QAOA,3.0,50,0.0,True,N_scaling,72.60981787441428,0.0,0.0,2.853251921967118,0.20799246428193552,3.120687700007693,-0.16781396178985375
16,8,XY-QAOA,3.0,50,,True,N_scaling,100.0,13.516497522854594,13.516497522854594,2.384805623687226,-0.24031737420197818,3.8100947000057204,-0.145131391801524
16,8,XY-QAOA Regularized,3.0,50,0.0,True,N_scaling,100.00000000000007,16.864222670878632,16.864222670878632,2.341042803051353,-0.2002665744648953,3.9350339000084205,-0.13951344160078963
16,8,Gurobi,,51,,True,N_scaling,100.0,0.0,0.0,2.846682120587053,0.49506091774912886,0.005055499990703538,-0.18365517028573114
16,8,Simulated Annealing,,51,,True,N_scaling,100.0,2.257888988639406,2.257888988639406,2.5443833880845226,0.25641698509355754,0.041875399998389184,-0.17950844041878267
16,8,Standard QAOA,3.0,51,0.0,True,N_scaling,73.36429954127878,100.0,100.0,0.0,0.0,3.1460585000022547,0.0
16,8,XY-QAOA,3.0,51,,True,N_scaling,100.0,19.900324861103794,19.900324861103794,2.2219448801938304,0.3005042332637218,3.731070299996645,-0.14710719477465728
16,8,XY-QAOA Regularized,3.0,51,0.0,True,N_scaling,99.99999999999996,22.778289278554396,22.778289278554396,2.1547615276440255,0.4853535411518532,4.013336100004381,-0.14182166432302562
16,8,Gurobi,,52,,True,N_scaling,100.0,0.0,0.0,2.5020183166276175,0.6864285758828738,0.005928300000960007,-0.17735694832848947
16,8,Simulated Annealing,,52,,True,N_scaling,100.0,4.952088897155682,4.952088897155682,2.0662920072017554,1.2586116886540977,0.04024450000724755,-0.1685740745819802
16,8,Standard QAOA,3.0,52,0.0,True,N_scaling,71.11069049840967,62.28424550277519,62.28424550277519,1.1241132405833618,0.04948745270882338,3.1084808000014164,-0.06689151121534294
16,8,XY-QAOA,3.0,52,,True,N_scaling,100.0,19.83025724409017,19.83025724409017,1.9515490231562207,1.0497481296384246,3.801503700000467,-0.14218660923468193
16,8,XY-QAOA Regularized,3.0,52,0.0,True,N_scaling,100.00000000000016,20.79703872207248,20.79703872207248,2.2411367369033828,0.3141732940079825,3.940744400009862,-0.14047195510832744
16,8,Gurobi,,53,,True,N_scaling,100.0,0.0,0.0,2.6297582098653094,0.7748917476149383,0.006728299995302223,-0.2059395759963728
16,8,Simulated Annealing,,53,,True,N_scaling,100.0,1.1367898020319191,1.1367898020319191,2.4422245465865675,0.6391235746928746,0.04234240000369027,-0.20359847589809826
16,8,Standard QAOA,3.0,53,0.0,True,N_scaling,19.336243023255637,100.14622434655196,100.14622434655196,0.04438195918389279,-1.0736586187956134,3.179560400007176,0.0003011337992925912
16,8,XY-QAOA,3.0,53,,True,N_scaling,100.0,19.01277103652992,19.01277103652992,1.9965642136930257,0.5250236726919254,3.8810268999950495,-0.1667847559385819
16,8,XY-QAOA Regularized,3.0,53,0.0,True,N_scaling,99.99999999999996,13.465533233781088,13.465533233781088,2.2223964918264323,0.1345575229122715,3.859214299998712,-0.17820871394907337
18,9,Gurobi,,42,,True,N_scaling,100.0,0.0,0.0,2.405291854542487,1.294692179362967,0.006181000004289672,-0.16034512164379328
18,9,Simulated Annealing,,42,,True,N_scaling,100.0,6.083140221196085,6.083140221196085,2.3229373809938694,0.5312507128604965,0.049158299996634014,-0.1505911030563539
18,9,Standard QAOA,3.0,42,0.0,True,N_scaling,58.89910444667406,76.763472879842,76.763472879842,0.6738595320245301,-0.5612331193014706,14.184021599998232,-0.037258637676610355
18,9,XY-QAOA,3.0,42,,True,N_scaling,100.0,19.953523757425852,19.953523757425852,2.4898462828460652,0.5904481248902408,14.926002499996684,-0.1283506197027256
18,9,XY-QAOA Regularized,3.0,42,0.0,True,N_scaling,100.00000000000003,27.696754754939672,27.696754754939672,2.2045641766462136,0.5601452531002812,17.025651299991296,-0.11593472654060216
18,9,Gurobi,,43,,True,N_scaling,100.0,0.0,0.0,2.4117131835780308,0.7273740912381695,0.006566000010934658,-0.19618598549819022
18,9,Simulated Annealing,,43,,True,N_scaling,100.0,2.992005084698833,2.992005084698833,2.268361011361745,1.1659380653284657,0.04751850001048297,-0.19031609083661785
18,9,Standard QAOA,3.0,43,0.0,True,N_scaling,69.75058287972286,0.0,0.0,2.4117131835780308,0.7273740912381695,17.325424399998155,-0.19618598549819022
18,9,XY-QAOA,3.0,43,,True,N_scaling,100.0,29.513796713139396,29.513796713139396,1.580886198162322,1.0619330098724313,16.48876969999401,-0.13828405255858522
18,9,XY-QAOA Regularized,3.0,43,0.0,True,N_scaling,100.00000000000017,17.99436479995226,17.99436479995226,1.8315192463985275,1.091298453665748,16.652000200003386,-0.16088356358126443
18,9,Gurobi,,44,,True,N_scaling,100.0,0.0,0.0,2.577191045458068,0.7604603763683119,0.00542039998981636,-0.1863084755983539
18,9,Simulated Annealing,,44,,True,N_scaling,100.0,4.871597299738896,4.871597299738896,2.5504665613928577,0.7350813478495958,0.0502386000007391,-0.17723227693191979
18,9,Standard QAOA,3.0,44,0.0,True,N_scaling,27.14939350163038,100.0,100.0,0.0,0.0,14.902671000003465,0.0
18,9,XY-QAOA,3.0,44,,True,N_scaling,100.0,19.371927054568967,19.371927054568967,2.227182389665174,0.7099355133455945,14.964046399996732,-0.15021693360896135
18,9,XY-QAOA Regularized,3.0,44,0.0,True,N_scaling,99.99999999999993,19.371927054568967,19.371927054568967,2.227182389665174,0.7099355133455945,16.37224189999688,-0.15021693360896135
18,9,Gurobi,,45,,True,N_scaling,100.0,0.0,0.0,2.4978593644553877,0.8700774557201238,0.005574399998295121,-0.18731370918791812
18,9,Simulated Annealing,,45,,True,N_scaling,100.0,1.9975849709947893,1.9975849709947893,2.4700362431304494,0.8316843267229499,0.04760210000677034,-0.18357195868456738
18,9,Standard QAOA,3.0,45,0.0,True,N_scaling,77.54858720549068,0.0,0.0,2.4978593644553877,0.8700774557201238,15.886610799992923,-0.18731370918791812
18,9,XY-QAOA,3.0,45,,True,N_scaling,100.0,39.83000689720495,39.83000689720495,1.671029120712324,0.9753617524876662,14.859508800000185,-0.1127066458989599
18,9,XY-QAOA Regularized,3.0,45,0.0,True,N_scaling,99.99999999999993,13.735123319387332,13.735123319387332,2.125264312271773,0.740534150380716,16.487460200005444,-0.161585940236839
18,9,Gurobi,,46,,True,N_scaling,100.0,0.0,0.0,2.7172026346470113,0.5735978434466054,0.006524600001284853,-0.17267550770558257
18,9,Simulated Annealing,,46,,True,N_scaling,100.0,3.403772521646891,3.403772521646891,2.4431528690684683,0.671772288362507,0.05056279999553226,-0.1667980262226857
18,9,Standard QAOA,3.0,46,0.0,True,N_scaling,43.29133441595611,100.0,100.0,0.0,0.0,15.143688099997235,0.0
18,9,XY-QAOA,3.0,46,,True,N_scaling,100.0,7.227289466678764,7.227289466678764,2.353119622638853,0.476974671312721,16.477969699990354,-0.16019574892564292
18,9,XY-QAOA Regularized,3.0,46,0.0,True,N_scaling,100.0,13.073682066567017,13.073682066567017,2.065362624668901,1.154788405333294,16.860378199999104,-0.15010046082132428
18,9,Gurobi,,47,,True,N_scaling,100.0,0.0,0.0,2.6738172546488785,0.7391339154621843,0.0057437999930698425,-0.22120286463952316
18,9,Simulated Annealing,,47,,True,N_scaling,100.0,9.16303193757683,9.16303193757683,2.4037800951963413,0.7501339765656034,0.04660190000140574,-0.2009339755057688
18,9,Standard QAOA,3.0,47,0.0,True,N_scaling,83.428956521921,0.0,0.0,1.9672761976055526,0.3404655522690106,17.45049210000434,-0.25158194597235417
18,9,XY-QAOA,3.0,47,,True,N_scaling,100.0,26.12686573926594,26.12686573926594,1.8655152215519983,0.6589558095467516,15.258650099989609,-0.16340948918374476
18,9,XY-QAOA Regularized,3.0,47,0.0,True,N_scaling,100.00000000000009,21.654856489194007,21.654856489194007,2.0925062032414856,0.7882578999584909,16.711828100000275,-0.17330170175184834
18,9,Gurobi,,48,,True,N_scaling,100.0,0.0,0.0,2.6079467343886167,0.873167033247982,0.005530199996428564,-0.20349946096549895
18,9,Simulated Annealing,,48,,True,N_scaling,100.0,0.33535823563784223,0.33535823563784223,2.639881619500744,0.8915467260384362,0.04612849999102764,-0.20281700876367253
18,9,Standard QAOA,3.0,48,0.0,True,N_scaling,48.712795075746406,100.0,100.0,0.0,0.0,15.873917999997502,0.0
18,9,XY-QAOA,3.0,48,,True,N_scaling,100.0,20.201977141509815,20.201977141509815,2.2276502526905344,0.7592823593655106,15.337154900000314,-0.16238854637815317
18,9,XY-QAOA Regularized,3.0,48,0.0,True,N_scaling,99.99999999999993,19.665352499549375,19.665352499549375,2.2606863701035285,0.8321056862653524,17.07947559999593,-0.1634805746319507
18,9,Gurobi,,49,,True,N_scaling,100.0,0.0,0.0,3.234522021298104,0.5227545866485263,0.00583829999959562,-0.1897109953000943
18,9,Simulated Annealing,,49,,True,N_scaling,100.0,6.875034901814109,6.875034901814109,3.00995443866209,0.7965823095027883,0.0519163999997545,-0.1766682981606339
18,9,Standard QAOA,3.0,49,0.0,True,N_scaling,92.48430122200264,69.98681104123166,69.98681104123166,1.0865220309428425,0.035615097834363965,16.31498979999742,-0.056938319494977414
18,9,XY-QAOA,3.0,49,,True,N_scaling,100.0,22.67047338222162,22.67047338222162,2.0691508478984337,0.41578776504009535,16.278332899993984,-0.14670261460743872
18,9,XY-QAOA Regularized,3.0,49,0.0,True,N_scaling,100.0,16.227246585207222,16.227246585207222,2.584704443602062,0.311299453584241,17.153192300000228,-0.15892612429349712
18,9,Gurobi,,50,,True,N_scaling,100.0,0.0,0.0,3.0569282371169137,0.5752032940598628,0.005348399994545616,-0.1885546559261479
18,9,Simulated Annealing,,50,,True,N_scaling,100.0,7.719244730007817,7.719244730007817,2.7167296842556206,0.46415029609359115,0.04774720000568777,-0.17399966058538435
18,9,Standard QAOA,3.0,50,0.0,True,N_scaling,0.8164105857627266,100.0,100.0,0.0,0.0,16.69025979998696,0.0
18,9,XY-QAOA,3.0,50,,True,N_scaling,100.0,33.40142806964268,33.40142806964268,2.056797919710546,0.04141322053939242,15.188097699996433,-0.12557470815501337
18,9,XY-QAOA Regularized,3.0,50,0.0,True,N_scaling,99.99999999999989,33.40142806964268,33.40142806964268,2.056797919710546,0.04141322053939242,17.55097019999812,-0.12557470815501337
18,9,Gurobi,,51,,True,N_scaling,100.0,0.0,0.0,2.842781515462245,0.44437483714862297,0.006279799999902025,-0.1769027154049235
18,9,Simulated Annealing,,51,,True,N_scaling,100.0,4.155723351276734,4.155723351276734,2.913493874166333,0.4151979913647623,0.04731960000935942,-0.16955112795179847
18,9,Standard QAOA,3.0,51,0.0,True,N_scaling,64.29286258153242,100.0,100.0,0.0,0.0,16.315976600002614,0.0
18,9,XY-QAOA,3.0,51,,True,N_scaling,100.0,36.23802581115924,36.23802581115924,1.9225650348211887,0.3259476282182525,16.05138469999656,-0.11279666373584575
18,9,XY-QAOA Regularized,3.0,51,0.0,True,N_scaling,99.99999999999983,27.06195369116941,27.06195369116941,2.1869989232393108,0.18253028324992182,16.124239800003124,-0.1290293844836219
18,9,Gurobi,,52,,True,N_scaling,100.0,0.0,0.0,2.3425116382835722,1.2016041426539583,0.006667500012554228,-0.17142441350398055
18,9,Simulated Annealing,,52,,True,N_scaling,100.0,0.761771993464354,0.761771993464354,2.184463148013108,1.09185510496252,0.047623300008126535,-0.1701185503319467
18,9,Standard QAOA,3.0,52,0.0,True,N_scaling,34.62115413076028,0.057395745358459885,0.057395745358459885,2.3107452699058997,1.1737577590633659,15.029057200008538,-0.17132602318412357
18,9,XY-QAOA,3.0,52,,True,N_scaling,100.0,21.029238252341727,21.029238252341727,1.8826709001014823,0.8830994274948547,14.848102800009656,-0.135375165165549
18,9,XY-QAOA Regularized,3.0,52,0.0,True,N_scaling,99.99999999999993,21.65864522872428,21.65864522872428,1.7854359225491088,1.0093957196320893,16.234034300010535,-0.1342962079477321
18,9,Gurobi,,53,,True,N_scaling,100.0,0.0,0.0,2.5452092828090436,0.8028520269334494,0.006230900005903095,-0.1992777353898686
18,9,Simulated Annealing,,53,,True,N_scaling,100.0,4.6815083512491595,4.6815083512491595,2.356351972659614,0.8336271420743822,0.04853089999232907,-0.1899485315654117
18,9,Standard QAOA,3.0,53,0.0,True,N_scaling,19.465382508624035,101.8087822123888,101.8087822123888,-0.3228587924640656,0.08329974799835907,10.769126899991534,0.003604500230983161
18,9,XY-QAOA,3.0,53,,True,N_scaling,100.0,7.552886881102943,7.552886881102943,2.088211165261041,0.6138877208357213,14.891985399997793,-0.18422651345664817
18,9,XY-QAOA Regularized,3.0,53,0.0,True,N_scaling,99.99999999999996,10.297227672039652,10.297227672039652,1.9854153425679597,0.6055585484598377,16.245304199997918,-0.1787576532770891
20,10,Gurobi,,42,,True,N_scaling,100.0,0.0,0.0,2.741383015614343,0.9071826845414857,0.006137399992439896,-0.18265142532144193
20,10,Simulated Annealing,,42,,True,N_scaling,100.0,3.9556706689216563,3.9556706689216563,2.378723597788198,1.303180835480685,0.055673299997579306,-0.1754263364636343
20,10,Standard QAOA,3.0,42,0.0,True,N_scaling,81.4116686815081,0.0,0.0,2.741383015614343,0.9071826845414857,257.23364109999966,-0.18265142532144193
20,10,XY-QAOA,3.0,42,,True,N_scaling,100.0,26.59206626731295,26.59206626731295,2.4159033773319245,0.6866903186826429,149.34508359999745,-0.13408063726177247
20,10,XY-QAOA Regularized,3.0,42,0.0,True,N_scaling,99.9999999999998,26.59206626731295,26.59206626731295,2.4159033773319245,0.6866903186826429,158.00159139999596,-0.13408063726177247
20,10,Gurobi,,43,,True,N_scaling,100.0,0.0,0.0,2.598182425505582,0.6422257214025063,0.008483300000079907,-0.19908810620148906
20,10,Simulated Annealing,,43,,True,N_scaling,100.0,2.4658830936639875,2.4658830936639875,2.6149877669541524,0.6086693948089347,0.053929100002278574,-0.19417882624917074
20,10,Standard QAOA,3.0,43,0.0,True,N_scaling,60.73369818605332,0.0,0.0,2.598182425505582,0.6422257214025063,254.66057029999502,-0.19908810620148906
20,10,XY-QAOA,3.0,43,,True,N_scaling,100.0,25.948269773429633,25.948269773429633,1.7781873666350236,0.9569199117010815,150.38682189999963,-0.1474281873175146
20,10,XY-QAOA Regularized,3.0,43,0.0,True,N_scaling,99.99999999999987,25.948269773429633,25.948269773429633,1.7781873666350236,0.9569199117010815,155.67823760000465,-0.1474281873175146
20,10,Gurobi,,44,,True,N_scaling,100.0,0.0,0.0,2.6734149988467446,0.7213341284623677,0.0062732000078540295,-0.19796787077219596
20,10,Simulated Annealing,,44,,True,N_scaling,100.0,2.5267366370370077,2.5267366370370077,2.754198908040326,0.6576738946294366,0.05880240000260528,-0.1929657440518328
20,10,Standard QAOA,3.0,44,0.0,True,N_scaling,29.732098283312435,102.12974900625751,102.12974900625751,-0.23949946478404133,-0.4562185592067768,256.9156756000011,0.004216218760479969
20,10,XY-QAOA,3.0,44,,True,N_scaling,100.0,26.492102907975212,26.492102907975212,1.864721718798268,0.4144865290438386,149.85303769999882,-0.14552201872249843
20,10,XY-QAOA Regularized,3.0,44,0.0,True,N_scaling,100.00000000000011,20.478153359935522,20.478153359935522,2.4603706391081435,0.614013240574716,155.3079996000015,-0.1574277065920667
20,10,Gurobi,,45,,True,N_scaling,100.0,0.0,0.0,2.570370458615517,0.8838563539672869,0.006545600001118146,-0.1816488636022715
20,10,Simulated Annealing,,45,,True,N_scaling,100.0,3.722434880215661,3.722434880215661,2.3646185907685213,0.988307227226187,0.055666999993263744,-0.17488710294402518
20,10,Standard QAOA,3.0,45,0.0,True,N_scaling,76.54400576319127,0.0,0.0,2.570370458615517,0.8838563539672869,259.4340297000017,-0.1816488636022715
20,10,XY-QAOA,3.0,45,,True,N_scaling,100.0,40.57282316715447,40.57282316715447,1.826890954664675,0.46373839505571357,149.86290420001023,-0.10794879138777627
20,10,XY-QAOA Regularized,3.0,45,0.0,True,N_scaling,99.99999999999984,36.508472397512875,36.508472397512875,1.7760425353645244,0.9711240085360467,154.9634170999925,-0.1153316383736404
20,10,Gurobi,,46,,True,N_scaling,100.0,0.0,0.0,2.5033033045313644,1.0712987397914404,0.007285600004252046,-0.16794674491391895
20,10,Simulated Annealing,,46,,True,N_scaling,100.0,2.1745290167121993,2.1745290167121993,2.3634448935295356,1.0861060202578323,0.059183999997912906,-0.16429469421314216
20,10,Standard QAOA,3.0,46,0.0,True,N_scaling,2.721481261583324,0.0,0.0,1.7863051548414697,0.6205587656992636,265.76319240000157,-0.20235202358633825
20,10,XY-QAOA,3.0,46,,True,N_scaling,100.0,34.28145170188456,34.28145170188456,1.7823964996314046,0.17320292067211815,154.0384425000084,-0.11037216267136656
20,10,XY-QAOA Regularized,3.0,46,0.0,True,N_scaling,100.00000000000013,9.44786772763139,9.44786772763139,2.115140481984646,0.9326319551191732,158.59923590000835,-0.1520793586015894
20,10,Gurobi,,47,,True,N_scaling,100.0,0.0,0.0,2.8201581169158754,0.7759758287694204,0.006241600000066683,-0.21547297253632214
20,10,Simulated Annealing,,47,,True,N_scaling,100.0,9.066398106207913,9.066398106207913,2.367489915150707,0.9875011079335069,0.05350419999740552,-0.19593733503489913
20,10,Standard QAOA,3.0,47,0.0,True,N_scaling,22.143163510144383,0.0,0.0,1.9648871042475973,0.27360754436232654,256.10347630000615,-0.2374220794422683
20,10,XY-QAOA,3.0,47,,True,N_scaling,100.0,31.53440758371727,31.53440758371727,1.7742684971054155,0.7065559945369768,148.8833697000082,-0.14752484714396713
20,10,XY-QAOA Regularized,3.0,47,0.0,True,N_scaling,100.00000000000009,24.220753714563404,24.220753714563404,1.9671155962086762,0.8751164901733526,155.87821209999674,-0.1632837945368507
20,10,Gurobi,,48,,True,N_scaling,100.0,0.0,0.0,2.6756034846512144,0.7609071879994406,0.006222199997864664,-0.20095887019008088
20,10,Simulated Annealing,,48,,True,N_scaling,100.0,6.087596417516069,6.087596417516069,2.25121912481371,0.8321120907206837,0.05402089998824522,-0.18872530520770875
20,10,Standard QAOA,3.0,48,0.0,True,N_scaling,72.73375108208414,0.0,0.0,2.6756034846512144,0.7609071879994406,267.64237760000105,-0.20095887019008088
20,10,XY-QAOA,3.0,48,,True,N_scaling,100.0,28.933948360695354,28.933948360695354,2.039497783969569,0.6862350462340151,148.41370760000427,-0.14281353446304607
20,10,XY-QAOA Regularized,3.0,48,0.0,True,N_scaling,99.9999999999998,21.150503660653598,21.150503660653598,2.318677484846112,0.49541018902987544,160.62108440000156,-0.15845505699411971
20,10,Gurobi,,49,,True,N_scaling,100.0,0.0,0.0,3.167192661880525,0.523328652677476,0.006292300007771701,-0.18538819018243446
20,10,Simulated Annealing,,49,,True,N_scaling,100.0,7.922419961245843,7.922419961245843,2.792012583996876,0.5915521073556361,0.057023200002731755,-0.17070095919762887
20,10,Standard QAOA,3.0,49,0.0,True,N_scaling,90.80548638329977,73.34566179031157,73.34566179031157,0.9246981296523362,-0.07194918681520082,254.35436050000135,-0.04941399521204649
20,10,XY-QAOA,3.0,49,,True,N_scaling,100.0,19.265160752382798,19.265160752382798,2.4190436764823544,0.35002729027699453,149.59820300000138,-0.14967285732785532
20,10,XY-QAOA Regularized,3.0,49,0.0,True,N_scaling,100.0,22.021181232019952,22.021181232019952,2.8702188909491806,0.3605936529697008,168.41396960000566,-0.14456352083959875
20,10,Gurobi,,50,,True,N_scaling,100.0,0.0,0.0,3.157777160337938,0.567706817920271,0.0063002999959280714,-0.187738910160233
20,10,Simulated Annealing,,50,,True,N_scaling,100.0,6.61391381318973,6.61391381318973,2.9394475601622294,0.5476021588819091,0.05808559998695273,-0.1753220204484135
20,10,Standard QAOA,3.0,50,0.0,True,N_scaling,31.761596205650445,100.0,100.0,0.0,0.0,255.5480080999987,0.0
20,10,XY-QAOA,3.0,50,,True,N_scaling,100.0,30.62791652688745,30.62791652688745,2.1293050948880574,0.019929776901839048,155.74071220000042,-0.1302383934678686
20,10,XY-QAOA Regularized,3.0,50,0.0,True,N_scaling,99.99999999999976,30.62791652688745,30.62791652688745,2.1293050948880574,0.019929776901839048,175.03579900000477,-0.1302383934678686
20,10,Gurobi,,51,,True,N_scaling,100.0,0.0,0.0,2.8169754132494647,0.45510669032803874,0.007063999990350567,-0.17387162740735126
20,10,Simulated Annealing,,51,,True,N_scaling,100.0,0.3346390113752446,0.3346390113752446,2.784320875794559,0.4100386226455225,0.05645969999022782,-0.17328978511233326
20,10,Standard QAOA,3.0,51,0.0,True,N_scaling,26.378179010962345,100.0,100.0,0.0,0.0,225.44114729999274,0.0
20,10,XY-QAOA,3.0,51,,True,N_scaling,100.0,23.89553314122976,23.89553314122976,1.9219510082541664,0.237182418105903,148.61212689999957,-0.13232407505703211
20,10,XY-QAOA Regularized,3.0,51,0.0,True,N_scaling,100.0,16.438503886150173,16.438503886150173,2.4599503980768618,0.4070514111414979,154.5827980000031,-0.14528973317908128
20,10,Gurobi,,52,,True,N_scaling,100.0,0.0,0.0,2.381955090669574,1.1163638803316414,0.006393400006345473,-0.1667947386325889
20,10,Simulated Annealing,,52,,True,N_scaling,100.0,2.2816652934697115,2.2816652934697115,2.2414242916458478,1.1336519058879218,0.05711460000020452,-0.1629890409698756
20,10,Standard QAOA,3.0,52,0.0,True,N_scaling,56.73834735078338,0.0,0.0,2.381955090669574,1.1163638803316414,255.52519739999843,-0.1667947386325889
20,10,XY-QAOA,3.0,52,,True,N_scaling,100.0,20.309776902976424,20.309776902976424,2.0921188451015524,0.442225575643886,149.4723207999923,-0.13291909933040746
20,10,XY-QAOA Regularized,3.0,52,0.0,True,N_scaling,100.00000000000004,26.566470872804576,26.566470872804576,1.9164700494889912,0.11281576379426546,159.40885439999693,-0.12248326297639164
20,10,Gurobi,,53,,True,N_scaling,100.0,0.0,0.0,2.6263364507128224,0.7300553326975894,0.0069239000004017726,-0.1963335716608693
20,10,Simulated Annealing,,53,,True,N_scaling,100.0,3.679763754934668,3.679763754934668,2.3601509748730645,0.7670433783272633,0.05891949999204371,-0.18910896005212394
20,10,Standard QAOA,3.0,53,0.0,True,N_scaling,69.39810872547996,0.0,0.0,2.051837207295984,0.3108979523710271,279.5050629000034,-0.2496438674202085
20,10,XY-QAOA,3.0,53,,True,N_scaling,100.0,11.252406827409805,11.252406827409805,2.103446157199744,0.6060024414423087,150.81321190000745,-0.1742413194388041
20,10,XY-QAOA Regularized,3.0,53,0.0,True,N_scaling,99.99999999999997,9.10401499143082,9.10401499143082,2.1086981726578826,0.5832529324601803,159.10906040000555,-0.17845933386365218
14,7,Gurobi,,42,,True,p_scaling,100.0,0.0,0.0,2.3319254836591403,1.374016892659323,0.005060299998149276,-0.16592715368449842
14,7,Standard QAOA,1.0,42,0.0,True,p_scaling,56.12886129601644,77.52760859696049,77.52760859696049,0.6614738308700234,-0.539688248826226,0.4382428999961121,-0.03728779941990336
14,7,XY-QAOA Regularized,1.0,42,0.0,True,p_scaling,99.99999999999997,28.51186632655115,28.51186632655115,1.641926843403914,1.097956108517922,0.44807050000235904,-0.11861822542652314
14,7,Gurobi,,43,,True,p_scaling,100.0,0.0,0.0,2.2535393127755237,1.2959754326281852,0.005931499996222556,-0.18801383917150982
14,7,Standard QAOA,1.0,43,0.0,True,p_scaling,28.02205533124498,102.20051615840677,102.20051615840677,-0.05678527317692692,-0.5806359653857361,0.4516208999993978,0.004137274911010025
14,7,XY-QAOA Regularized,1.0,43,0.0,True,p_scaling,99.99999999999991,8.5027015982475,8.5027015982475,2.058241977191324,1.2280187538281016,0.4420665000070585,-0.17202758346334737
14,7,Gurobi,,44,,True,p_scaling,100.0,0.0,0.0,2.4667402392654236,0.6142244492892334,0.004649599999538623,-0.16303213854251009
14,7,Standard QAOA,1.0,44,0.0,True,p_scaling,56.11729643829679,75.91035453693958,75.91035453693958,0.651329627947458,-0.43262588890630677,0.1781384999922011,-0.039273864165736166
14,7,XY-QAOA Regularized,1.0,44,0.0,True,p_scaling,100.00000000000004,21.93596441853184,21.93596441853184,1.9203191414335479,0.45585223628264454,0.43542490000254475,-0.12726946664105354
14,7,Gurobi,,45,,True,p_scaling,100.0,0.0,0.0,2.523230895047299,0.8352536401397629,0.0047088999999687076,-0.1911175701628825
14,7,Standard QAOA,1.0,45,0.0,True,p_scaling,56.109924866497906,74.3801439045846,74.3801439045846,0.8746466617227595,0.054466256188644147,0.1578737999952864,-0.04896404644878505
14,7,XY-QAOA Regularized,1.0,45,0.0,True,p_scaling,100.00000000000004,7.422492555879287,7.422492555879287,2.707642471303183,0.6479344652988656,0.4633737999974983,-0.17693188274456517
14,7,Gurobi,,46,,True,p_scaling,100.0,0.0,0.0,2.7471634427252303,0.5932491439584662,0.004957800003467128,-0.17097596653358674
14,7,Standard QAOA,1.0,46,0.0,True,p_scaling,56.03214933835281,0.0,0.0,2.7471634427252303,0.5932491439584662,0.19786210000165738,-0.17097596653358674
14,7,XY-QAOA Regularized,1.0,46,0.0,True,p_scaling,99.99999999999993,18.677873101836422,18.677873101836422,1.8564676014263075,1.5659823911915018,0.43557860000873916,-0.1390412924698051
14,7,Gurobi,,47,,True,p_scaling,100.0,0.0,0.0,2.8136773445502645,0.6494039994898749,0.004489500002819113,-0.19927561297031607
14,7,Standard QAOA,1.0,47,0.0,True,p_scaling,56.07143614859922,67.3271644402137,67.3271644402137,1.0241306514270625,0.24887234136896677,0.11229859999730252,-0.06510899333654753
14,7,XY-QAOA Regularized,1.0,47,0.0,True,p_scaling,99.99999999999999,15.054891029946443,15.054891029946443,2.186504338907873,0.6829908226741658,0.4349288999947021,-0.16927488658837717
14,7,Gurobi,,48,,True,p_scaling,100.0,0.0,0.0,2.3694873756684607,0.9599899717972517,0.004063900007167831,-0.21263258622780884
14,7,Standard QAOA,1.0,48,0.0,True,p_scaling,56.096357126106945,63.97995315378703,63.97995315378703,1.2143562046713214,0.3489905652225035,0.14758720000099856,-0.07659035716957094
14,7,XY-QAOA Regularized,1.0,48,0.0,True,p_scaling,99.99999999999991,10.542744848522634,10.542744848522634,2.2828090067750173,0.930053962051548,0.43473269999958575,-0.19021527519699608
14,7,Gurobi,,49,,True,p_scaling,100.0,0.0,0.0,3.0901143268219906,0.509276411196791,0.004535800006124191,-0.19761365269646575
14,7,Standard QAOA,1.0,49,0.0,True,p_scaling,56.12232982700169,0.0,0.0,3.0901143268219906,0.509276411196791,0.29791649999970105,-0.19761365269646575
14,7,XY-QAOA Regularized,1.0,49,0.0,True,p_scaling,99.99999999999996,16.860672670344908,16.860672670344908,2.358762405206888,0.5411284521996932,0.4331504000001587,-0.16429466156340244
14,7,Gurobi,,50,,True,p_scaling,100.0,0.0,0.0,3.0852787558415224,0.3144006751824778,0.004457000002730638,-0.17500274061278498
14,7,Standard QAOA,1.0,50,0.0,True,p_scaling,56.080720165371446,75.37591636807012,75.37591636807012,0.7408355058886875,-0.5638713499136042,0.2813044000067748,-0.04309282120666147
14,7,XY-QAOA Regularized,1.0,50,0.0,True,p_scaling,100.0,18.87828915662414,18.87828915662414,2.278371536761142,0.04446321628645627,0.43271789999562316,-0.14196521720788652
14,7,Gurobi,,51,,True,p_scaling,100.0,0.0,0.0,2.6398757796055334,0.6156171398104506,0.004614999998011626,-0.1657755725048055
14,7,Standard QAOA,1.0,51,0.0,True,p_scaling,20.937187582719265,0.0,0.0,2.39487663060466,0.42235419187207424,0.05897319999348838,-0.22103436728433207
14,7,XY-QAOA Regularized,1.0,51,0.0,True,p_scaling,99.99999999999997,8.695253741798625,8.695253741798625,2.4290598762059727,0.5585423501331301,0.43704560000333004,-0.15136096583359332
14,7,Gurobi,,52,,True,p_scaling,100.0,0.0,0.0,2.4600169753733576,0.7072046458242278,0.004621300002327189,-0.18033708934411236
14,7,Standard QAOA,1.0,52,0.0,True,p_scaling,56.05732047736238,67.83460923397038,67.83460923397038,0.8581267547497101,0.7940188993181444,0.4345794999971986,-0.05800612948361769
14,7,XY-QAOA Regularized,1.0,52,0.0,True,p_scaling,100.0,31.308696214218163,31.308696214218163,1.7516291527426562,0.41023866727201697,0.43389919999754056,-0.12387589787980102
14,7,Gurobi,,53,,True,p_scaling,100.0,0.0,0.0,2.5766887759788966,0.9154472703821551,0.004639999999199063,-0.21021900279727831
14,7,Standard QAOA,1.0,53,0.0,True,p_scaling,20.935972323376383,54.018129357413414,54.018129357413414,1.2673054520798945,-0.21454297748364035,0.29257950000464916,-0.09666262993237999
14,7,XY-QAOA Regularized,1.0,53,0.0,True,p_scaling,99.99999999999991,12.407991340290684,12.407991340290684,1.9521309376799374,0.6979991488966361,0.43645619999733754,-0.1841350471345466
14,7,Gurobi,,42,,True,p_scaling,100.0,0.0,0.0,2.3319254836591403,1.374016892659323,0.00501589999475982,-0.16592715368449842
14,7,Standard QAOA,2.0,42,0.0,True,p_scaling,77.81722318066426,100.0,100.0,0.0,0.0,0.6987749999971129,0.0
14,7,XY-QAOA Regularized,2.0,42,0.0,True,p_scaling,99.99999999999997,14.388875412577512,14.388875412577512,2.125045353292346,1.32548087549326,0.682457599992631,-0.14205210226519993
14,7,Gurobi,,43,,True,p_scaling,100.0,0.0,0.0,2.2535393127755237,1.2959754326281852,0.0047799999883864075,-0.18801383917150982
14,7,Standard QAOA,2.0,43,0.0,True,p_scaling,94.8119252019504,0.0,0.0,2.2535393127755237,1.2959754326281852,0.7015509000048041,-0.18801383917150982
14,7,XY-QAOA Regularized,2.0,43,0.0,True,p_scaling,99.9999999999999,8.5027015982475,8.5027015982475,2.058241977191324,1.2280187538281016,0.7101801999961026,-0.17202758346334737
14,7,Gurobi,,44,,True,p_scaling,100.0,0.0,0.0,2.4667402392654236,0.6142244492892334,0.004637899997760542,-0.16303213854251009
14,7,Standard QAOA,2.0,44,0.0,True,p_scaling,53.85952446639344,0.0,0.0,2.4667402392654236,0.6142244492892334,0.703173500005505,-0.16303213854251009
14,7,XY-QAOA Regularized,2.0,44,0.0,True,p_scaling,99.99999999999997,18.01120963968873,18.01120963968873,2.10075220298282,0.4768911123054525,0.6939937999995891,-0.13366807828955082
14,7,Gurobi,,45,,True,p_scaling,100.0,0.0,0.0,2.523230895047299,0.8352536401397629,0.004537100001471117,-0.1911175701628825
14,7,Standard QAOA,2.0,45,0.0,True,p_scaling,66.98775210869059,0.0,0.0,2.523230895047299,0.8352536401397629,0.6874734000011813,-0.1911175701628825
14,7,XY-QAOA Regularized,2.0,45,0.0,True,p_scaling,100.00000000000009,11.874275747128527,11.874275747128527,2.3142754984255247,0.6804347198621314,0.692859300004784,-0.16842374288053
14,7,Gurobi,,46,,True,p_scaling,100.0,0.0,0.0,2.7471634427252303,0.5932491439584662,0.004675499993027188,-0.17097596653358674
14,7,Standard QAOA,2.0,46,0.0,True,p_scaling,19.136244224937546,101.59436199680636,101.59436199680636,-0.03507168540683444,-0.4405403397896738,0.7011924999969779,0.0027259758340838647
14,7,XY-QAOA Regularized,2.0,46,0.0,True,p_scaling,99.99999999999994,18.677873101836422,18.677873101836422,1.8564676014263075,1.5659823911915018,0.6976861000002827,-0.1390412924698051
14,7,Gurobi,,47,,True,p_scaling,100.0,0.0,0.0,2.8136773445502645,0.6494039994898749,0.0044797000009566545,-0.19927561297031607
14,7,Standard QAOA,2.0,47,0.0,True,p_scaling,60.35565868597854,67.3271644402137,67.3271644402137,1.0241306514270625,0.24887234136896677,0.6913531999889528,-0.06510899333654753
14,7,XY-QAOA Regularized,2.0,47,0.0,True,p_scaling,100.00000000000011,24.43723859454774,24.43723859454774,2.2054236792272133,0.47780010102171905,0.6992049999971641,-0.1505781559680124
14,7,Gurobi,,48,,True,p_scaling,100.0,0.0,0.0,2.3694873756684607,0.9599899717972517,0.004375100004835986,-0.21263258622780884
14,7,Standard QAOA,2.0,48,0.0,True,p_scaling,64.58358189294961,64.03134953439067,64.03134953439067,1.261655837763496,0.4024809261830387,0.7046915999962948,-0.07648107171626592
14,7,XY-QAOA Regularized,2.0,48,0.0,True,p_scaling,100.00000000000011,27.49787239266807,27.49787239266807,1.9755537944569388,0.7476602375131822,0.6980433999997331,-0.15416314900165606
14,7,Gurobi,,49,,True,p_scaling,100.0,0.0,0.0,3.0901143268219906,0.509276411196791,0.004449400003068149,-0.19761365269646575
14,7,Standard QAOA,2.0,49,0.0,True,p_scaling,68.49274895959114,66.76872512950916,66.76872512950916,1.2639778169964013,0.13489811832543408,0.7107025000004796,-0.06566953610917967
14,7,XY-QAOA Regularized,2.0,49,0.0,True,p_scaling,99.99999999999993,4.2654073315137975,4.2654073315137975,2.8910358109272765,0.5702536753079157,0.6937844999920344,-0.18918462546627848
14,7,Gurobi,,50,,True,p_scaling,100.0,0.0,0.0,3.0852787558415224,0.3144006751824778,0.004451600005268119,-0.17500274061278498
14,7,Standard QAOA,2.0,50,0.0,True,p_scaling,76.05047067016486,0.0,0.0,3.0852787558415224,0.3144006751824778,0.7088021999952616,-0.17500274061278498
14,7,XY-QAOA Regularized,2.0,50,0.0,True,p_scaling,99.99999999999999,18.87828915662414,18.87828915662414,2.278371536761142,0.04446321628645627,0.6908262999932049,-0.14196521720788652
14,7,Gurobi,,51,,True,p_scaling,100.0,0.0,0.0,2.6398757796055334,0.6156171398104506,0.0046719999954802915,-0.1657755725048055
14,7,Standard QAOA,2.0,51,0.0,True,p_scaling,65.14464177605814,100.0,100.0,0.0,0.0,0.44073470000876114,0.0
14,7,XY-QAOA Regularized,2.0,51,0.0,True,p_scaling,100.0,8.169471027427356,8.169471027427356,2.375681829068679,0.3957936663129847,0.6904225000034785,-0.1522325851384736
14,7,Gurobi,,52,,True,p_scaling,100.0,0.0,0.0,2.4600169753733576,0.7072046458242278,0.00453669999842532,-0.18033708934411236
14,7,Standard QAOA,2.0,52,0.0,True,p_scaling,79.9585967340079,67.83460923397038,67.83460923397038,0.8581267547497101,0.7940188993181444,0.6948777999932645,-0.05800612948361769
14,7,XY-QAOA Regularized,2.0,52,0.0,True,p_scaling,100.00000000000009,31.308696214218163,31.308696214218163,1.7516291527426562,0.41023866727201697,0.69580460000725,-0.12387589787980102
14,7,Gurobi,,53,,True,p_scaling,100.0,0.0,0.0,2.5766887759788966,0.9154472703821551,0.004789300000993535,-0.21021900279727831
14,7,Standard QAOA,2.0,53,0.0,True,p_scaling,20.84129138618782,78.29549610404987,78.29549610404987,1.084213134062306,-0.5408065018454421,0.19121190000441857,-0.045626991652162774
14,7,XY-QAOA Regularized,2.0,53,0.0,True,p_scaling,100.00000000000004,12.04375062678294,12.04375062678294,2.185274060354333,0.8665985693173174,0.6946136999904411,-0.18490075033026426
14,7,Gurobi,,42,,True,p_scaling,100.0,0.0,0.0,2.3319254836591403,1.374016892659323,0.004757299990160391,-0.16592715368449842
14,7,Standard QAOA,3.0,42,0.0,True,p_scaling,71.80818063496865,76.98099899061971,76.98099899061971,0.6493863802485292,0.42162165810289925,1.0991834999877028,-0.03819477318147068
14,7,XY-QAOA Regularized,3.0,42,0.0,True,p_scaling,100.00000000000009,31.620354740801197,31.620354740801197,1.6972295168173088,1.2886307701404718,1.1158245999977225,-0.11346039907814563
14,7,Gurobi,,43,,True,p_scaling,100.0,0.0,0.0,2.2535393127755237,1.2959754326281852,0.004681999998865649,-0.18801383917150982
14,7,Standard QAOA,3.0,43,0.0,True,p_scaling,80.53038808813801,0.1499029507194564,0.1499029507194564,2.387194501386582,0.5269486755235547,1.1000014999881387,-0.1877320008788308
14,7,XY-QAOA Regularized,3.0,43,0.0,True,p_scaling,100.00000000000013,30.808472919971248,30.808472919971248,1.5611467351828772,0.35222734700469505,1.1020822999998927,-0.13008964644455692
14,7,Gurobi,,44,,True,p_scaling,100.0,0.0,0.0,2.4667402392654236,0.6142244492892334,0.004602399989380501,-0.16303213854251009
14,7,Standard QAOA,3.0,44,0.0,True,p_scaling,52.5278920966747,0.0,0.0,1.6685257093567913,0.09498387286777364,1.1193271999945864,-0.18856024116778713
14,7,XY-QAOA Regularized,3.0,44,0.0,True,p_scaling,99.99999999999994,19.596658238386972,19.596658238386972,1.9532153875793399,0.5905628996966749,1.100966799989692,-0.13108328753360082
14,7,Gurobi,,45,,True,p_scaling,100.0,0.0,0.0,2.523230895047299,0.8352536401397629,0.004554400002234615,-0.1911175701628825
14,7,Standard QAOA,3.0,45,0.0,True,p_scaling,29.433722807478667,84.40375217744057,84.40375217744057,0.6155392084547082,-0.049535210431152325,1.1052850000123726,-0.029807169875057053
14,7,XY-QAOA Regularized,3.0,45,0.0,True,p_scaling,100.00000000000009,30.348879092179743,30.348879092179743,1.9127927819718744,0.6109793186671857,1.1030910999979824,-0.1331155298702375
14,7,Gurobi,,46,,True,p_scaling,100.0,0.0,0.0,2.7471634427252303,0.5932491439584662,0.004818800007342361,-0.17097596653358674
14,7,Standard QAOA,3.0,46,0.0,True,p_scaling,68.84643465277793,100.0,100.0,0.0,0.0,1.1073763000022154,0.0
14,7,XY-QAOA Regularized,3.0,46,0.0,True,p_scaling,99.99999999999987,18.677873101836422,18.677873101836422,1.8564676014263075,1.5659823911915018,1.08967770000163,-0.1390412924698051
14,7,Gurobi,,47,,True,p_scaling,100.0,0.0,0.0,2.8136773445502645,0.6494039994898749,0.004510200000368059,-0.19927561297031607
14,7,Standard QAOA,3.0,47,0.0,True,p_scaling,64.84290066316463,0.0,0.0,2.0460012556675333,0.4755124121943701,1.1061901999928523,-0.24738479967045826
14,7,XY-QAOA Regularized,3.0,47,0.0,True,p_scaling,99.99999999999989,12.805139482837202,12.805139482837202,2.3152106612467716,0.5707115645178372,1.0894467000034638,-0.17375809277418827
14,7,Gurobi,,48,,True,p_scaling,100.0,0.0,0.0,2.3694873756684607,0.9599899717972517,0.004693900002166629,-0.21263258622780884
14,7,Standard QAOA,3.0,48,0.0,True,p_scaling,35.088050872013234,0.0,0.0,2.0046713464556336,0.7027078291316677,1.1126256999996258,-0.26806877734446266
14,7,XY-QAOA Regularized,3.0,48,0.0,True,p_scaling,100.00000000000004,10.338031024721353,10.338031024721353,2.344010765305847,0.9588978724282766,1.0931503999890992,-0.19065056349491058
14,7,Gurobi,,49,,True,p_scaling,100.0,0.0,0.0,3.0901143268219906,0.509276411196791,0.0045987999910721555,-0.19761365269646575
14,7,Standard QAOA,3.0,49,0.0,True,p_scaling,81.65192602640754,66.76872512950916,66.76872512950916,1.2639778169964013,0.13489811832543408,1.108932700008154,-0.06566953610917967
14,7,XY-QAOA Regularized,3.0,49,0.0,True,p_scaling,99.99999999999993,13.190510053815323,13.190510053815323,2.638994575462622,0.35821685814902865,1.0946864999859827,-0.17154740396982673
14,7,Gurobi,,50,,True,p_scaling,100.0,0.0,0.0,3.0852787558415224,0.3144006751824778,0.004393399998662062,-0.17500274061278498
14,7,Standard QAOA,3.0,50,0.0,True,p_scaling,61.07978607076207,0.0,0.0,1.995083443478886,-0.14120671748301492,1.127426999999443,-0.20763075353286897
14,7,XY-QAOA Regularized,3.0,50,0.0,True,p_scaling,100.00000000000013,34.57742242494597,34.57742242494597,2.027069175762537,-0.13332519897088982,1.0918472999910591,-0.11449130373586984
14,7,Gurobi,,51,,True,p_scaling,100.0,0.0,0.0,2.6398757796055334,0.6156171398104506,0.004853200007346459,-0.1657755725048055
14,7,Standard QAOA,3.0,51,0.0,True,p_scaling,70.56237114822761,100.0,100.0,0.0,0.0,1.0919294000050286,0.0
14,7,XY-QAOA Regularized,3.0,51,0.0,True,p_scaling,99.99999999999993,25.572788082343596,25.572788082343596,2.106133682255196,0.6391257314470831,1.0962749000027543,-0.12338213665585974
14,7,Gurobi,,52,,True,p_scaling,100.0,0.0,0.0,2.4600169753733576,0.7072046458242278,0.004838799999561161,-0.18033708934411236
14,7,Standard QAOA,3.0,52,0.0,True,p_scaling,70.52482345884155,0.0,0.0,2.4600169753733576,0.7072046458242278,1.0853975999925751,-0.18033708934411236
14,7,XY-QAOA Regularized,3.0,52,0.0,True,p_scaling,99.99999999999997,20.829676254409808,20.829676254409808,2.135410525746719,0.3064284114827216,1.0946891000057803,-0.14277345746710798
14,7,Gurobi,,53,,True,p_scaling,100.0,0.0,0.0,2.5766887759788966,0.9154472703821551,0.0048940999986371025,-0.21021900279727831
14,7,Standard QAOA,3.0,53,0.0,True,p_scaling,73.27277145633155,0.0,0.0,1.999296064638601,0.33370208296532133,1.1057432000088738,-0.2687171385207728
14,7,XY-QAOA Regularized,3.0,53,0.0,True,p_scaling,100.0,13.875813478470405,13.875813478470405,2.338347498137733,0.3398122873024355,1.0942492000031052,-0.1810494060728275
14,7,Gurobi,,42,,True,p_scaling,100.0,0.0,0.0,2.3319254836591403,1.374016892659323,0.004746000005980022,-0.16592715368449842
14,7,Standard QAOA,4.0,42,0.0,True,p_scaling,77.84214850735489,0.0,0.0,1.7915344612592516,0.5105710057414979,1.6535230000008596,-0.1935948432485101
14,7,XY-QAOA Regularized,4.0,42,0.0,True,p_scaling,100.00000000000011,11.264909515345286,11.264909515345286,2.0299534893147846,1.1329700329715768,1.617022000005818,-0.14723560996055177
14,7,Gurobi,,43,,True,p_scaling,100.0,0.0,0.0,2.2535393127755237,1.2959754326281852,0.004904499990516342,-0.18801383917150982
14,7,Standard QAOA,4.0,43,0.0,True,p_scaling,26.866561264411892,0.0,0.0,1.7332559065383562,0.6077816070215104,1.645357999994303,-0.21654808938184436
14,7,XY-QAOA Regularized,4.0,43,0.0,True,p_scaling,100.0,37.29856659853975,37.29856659853975,1.489690741220263,0.39167326446019146,1.626940200003446,-0.11788737215365282
14,7,Gurobi,,44,,True,p_scaling,100.0,0.0,0.0,2.4667402392654236,0.6142244492892334,0.004393499999423511,-0.16303213854251009
14,7,Standard QAOA,4.0,44,0.0,True,p_scaling,65.97947561102555,0.0,0.0,2.4667402392654236,0.6142244492892334,1.647447800001828,-0.16303213854251009
14,7,XY-QAOA Regularized,4.0,44,0.0,True,p_scaling,99.99999999999976,26.47048070071238,26.47048070071238,1.7840541925819222,0.196303809695657,1.5905564999993658,-0.11987674777365628
14,7,Gurobi,,45,,True,p_scaling,100.0,0.0,0.0,2.523230895047299,0.8352536401397629,0.0045200000022305176,-0.1911175701628825
14,7,Standard QAOA,4.0,45,0.0,True,p_scaling,73.46888247305058,100.0,100.0,0.0,0.0,1.6458019999990938,0.0
14,7,XY-QAOA Regularized,4.0,45,0.0,True,p_scaling,99.99999999999996,7.422492555879287,7.422492555879287,2.707642471303183,0.6479344652988656,1.6263318999990588,-0.17693188274456517
14,7,Gurobi,,46,,True,p_scaling,100.0,0.0,0.0,2.7471634427252303,0.5932491439584662,0.004816699991351925,-0.17097596653358674
14,7,Standard QAOA,4.0,46,0.0,True,p_scaling,57.808310534585196,100.0,100.0,0.0,0.0,1.6466913999902317,0.0
14,7,XY-QAOA Regularized,4.0,46,0.0,True,p_scaling,99.99999999999989,28.38390114293266,28.38390114293266,1.8517931225854976,0.6770516567016482,1.6187912999885157,-0.12244631721451985
14,7,Gurobi,,47,,True,p_scaling,100.0,0.0,0.0,2.8136773445502645,0.6494039994898749,0.004416800002218224,-0.19927561297031607
14,7,Standard QAOA,4.0,47,0.0,True,p_scaling,40.40018738964935,0.0,0.0,2.0460012556675333,0.4755124121943701,1.653230199997779,-0.24738479967045826
14,7,XY-QAOA Regularized,4.0,47,0.0,True,p_scaling,100.00000000000004,29.611304693235933,29.611304693235933,2.5503905752757374,0.36029478881251004,1.6248716999980388,-0.1402675040343622
14,7,Gurobi,,48,,True,p_scaling,100.0,0.0,0.0,2.3694873756684607,0.9599899717972517,0.0046541000047000125,-0.21263258622780884
14,7,Standard QAOA,4.0,48,0.0,True,p_scaling,34.95675990618727,0.0,0.0,2.3694873756684607,0.9599899717972517,1.5825117000058526,-0.21263258622780884
14,7,XY-QAOA Regularized,4.0,48,0.0,True,p_scaling,99.99999999999993,25.025857842806964,25.025857842806964,2.2558307766109023,0.9469846707518375,1.6207394000084605,-0.15941945747095346
14,7,Gurobi,,49,,True,p_scaling,100.0,0.0,0.0,3.0901143268219906,0.509276411196791,0.004691200010711327,-0.19761365269646575
14,7,Standard QAOA,4.0,49,0.0,True,p_scaling,65.97278346791941,66.76872512950916,66.76872512950916,1.2639778169964013,0.13489811832543408,1.6299736000073608,-0.06566953610917967
14,7,XY-QAOA Regularized,4.0,49,0.0,True,p_scaling,100.0,8.354494362574602,8.354494362574602,2.6298011338563643,0.6737974451863725,1.6290546000091126,-0.18110403122226176
14,7,Gurobi,,50,,True,p_scaling,100.0,0.0,0.0,3.0852787558415224,0.3144006751824778,0.004721899997093715,-0.17500274061278498
14,7,Standard QAOA,4.0,50,0.0,True,p_scaling,78.31423021161852,100.0,100.0,0.0,0.0,1.649787300004391,0.0
14,7,XY-QAOA Regularized,4.0,50,0.0,True,p_scaling,99.99999999999989,18.87828915662414,18.87828915662414,2.278371536761142,0.04446321628645627,1.6023851000063587,-0.14196521720788652
14,7,Gurobi,,51,,True,p_scaling,100.0,0.0,0.0,2.6398757796055334,0.6156171398104506,0.0047199000109685585,-0.1657755725048055
14,7,Standard QAOA,4.0,51,0.0,True,p_scaling,78.53600338671036,100.0,100.0,0.0,0.0,1.6567167000030167,0.0
14,7,XY-QAOA Regularized,4.0,51,0.0,True,p_scaling,99.99999999999996,8.695253741798625,8.695253741798625,2.4290598762059727,0.5585423501331301,1.6087590999959502,-0.15136096583359332
14,7,Gurobi,,52,,True,p_scaling,100.0,0.0,0.0,2.4600169753733576,0.7072046458242278,0.00495519999822136,-0.18033708934411236
14,7,Standard QAOA,4.0,52,0.0,True,p_scaling,52.605728605463284,0.0,0.0,1.6041279939352369,0.7169332819051086,1.6445773000014015,-0.18265787917828807
14,7,XY-QAOA Regularized,4.0,52,0.0,True,p_scaling,99.99999999999997,38.32297132134677,38.32297132134677,1.6685296606768705,0.35930061762586224,1.6446480000013253,-0.11122655831301667
14,7,Gurobi,,53,,True,p_scaling,100.0,0.0,0.0,2.5766887759788966,0.9154472703821551,0.004743799989228137,-0.21021900279727831
14,7,Standard QAOA,4.0,53,0.0,True,p_scaling,33.551490651885764,0.0,0.0,1.999296064638601,0.33370208296532133,1.65114370000083,-0.2687171385207728
14,7,XY-QAOA Regularized,4.0,53,0.0,True,p_scaling,100.00000000000013,5.727841540054513,5.727841540054513,2.4504706675913654,0.9213898627898954,1.6182435999944573,-0.19817799142996745
14,7,Gurobi,,42,,True,p_scaling,100.0,0.0,0.0,2.3319254836591403,1.374016892659323,0.004719699994893745,-0.16592715368449842
14,7,Standard QAOA,5.0,42,0.0,True,p_scaling,86.87385983751238,0.0,0.0,2.3319254836591403,1.374016892659323,2.2500880000006873,-0.16592715368449842
14,7,XY-QAOA Regularized,5.0,42,0.0,True,p_scaling,99.99999999999993,14.388875412577512,14.388875412577512,2.125045353292346,1.32548087549326,2.2736326000012923,-0.14205210226519993
14,7,Gurobi,,43,,True,p_scaling,100.0,0.0,0.0,2.2535393127755237,1.2959754326281852,0.004720800003269687,-0.18801383917150982
14,7,Standard QAOA,5.0,43,0.0,True,p_scaling,28.941909446453028,0.0,0.0,1.7332559065383562,0.6077816070215104,2.3139917999942554,-0.21654808938184436
14,7,XY-QAOA Regularized,5.0,43,0.0,True,p_scaling,99.99999999999984,12.047976226643083,12.047976226643083,1.8737631098435616,1.1717403409991032,2.2657477999891853,-0.16536197652532736
14,7,Gurobi,,44,,True,p_scaling,100.0,0.0,0.0,2.4667402392654236,0.6142244492892334,0.00433070000144653,-0.16303213854251009
14,7,Standard QAOA,5.0,44,0.0,True,p_scaling,72.55743620456376,100.0,100.0,0.0,0.0,2.3221881999925245,0.0
14,7,XY-QAOA Regularized,5.0,44,0.0,True,p_scaling,99.99999999999991,21.93596441853184,21.93596441853184,1.9203191414335479,0.45585223628264454,2.2903982999996515,-0.12726946664105354
14,7,Gurobi,,45,,True,p_scaling,100.0,0.0,0.0,2.523230895047299,0.8352536401397629,0.004598299987264909,-0.1911175701628825
14,7,Standard QAOA,5.0,45,0.0,True,p_scaling,12.49697961201673,100.0,100.0,0.0,0.0,2.31369110000378,0.0
14,7,XY-QAOA Regularized,5.0,45,0.0,True,p_scaling,100.00000000000017,11.874275747128527,11.874275747128527,2.3142754984255247,0.6804347198621314,2.2821741000079783,-0.16842374288053
14,7,Gurobi,,46,,True,p_scaling,100.0,0.0,0.0,2.7471634427252303,0.5932491439584662,0.004752000008011237,-0.17097596653358674
14,7,Standard QAOA,5.0,46,0.0,True,p_scaling,9.150504710811939,0.0,0.0,1.848358629630339,1.018486763339018,2.286289700001362,-0.21837492677424686
14,7,XY-QAOA Regularized,5.0,46,0.0,True,p_scaling,100.00000000000004,39.813170561712,39.813170561712,1.50469990219102,1.385890196675403,2.2746022999926936,-0.10290501335803422
14,7,Gurobi,,47,,True,p_scaling,100.0,0.0,0.0,2.8136773445502645,0.6494039994898749,0.004548400000203401,-0.19927561297031607
14,7,Standard QAOA,5.0,47,0.0,True,p_scaling,89.77976128548231,67.3271644402137,67.3271644402137,1.0241306514270625,0.24887234136896677,2.2912751999974716,-0.06510899333654753
14,7,XY-QAOA Regularized,5.0,47,0.0,True,p_scaling,100.0,12.764957614697698,12.764957614697698,2.203941559363531,0.7979762940005108,2.2608426999941003,-0.1738381654382262
14,7,Gurobi,,48,,True,p_scaling,100.0,0.0,0.0,2.3694873756684607,0.9599899717972517,0.004472299988265149,-0.21263258622780884
14,7,Standard QAOA,5.0,48,0.0,True,p_scaling,83.60786018448152,100.0,100.0,0.0,0.0,2.307837999993353,0.0
14,7,XY-QAOA Regularized,5.0,48,0.0,True,p_scaling,99.99999999999984,10.338031024721353,10.338031024721353,2.344010765305847,0.9588978724282766,2.2641597999900114,-0.19065056349491058
14,7,Gurobi,,49,,True,p_scaling,100.0,0.0,0.0,3.0901143268219906,0.509276411196791,0.004384700005175546,-0.19761365269646575
14,7,Standard QAOA,5.0,49,0.0,True,p_scaling,54.41870678708831,100.0,100.0,0.0,0.0,2.2488834999967366,0.0
14,7,XY-QAOA Regularized,5.0,49,0.0,True,p_scaling,100.00000000000007,9.598402279300927,9.598402279300927,2.616485612470597,0.5482104551762962,2.2369079000054626,-0.17864589935183836
14,7,Gurobi,,50,,True,p_scaling,100.0,0.0,0.0,3.0852787558415224,0.3144006751824778,0.004623700006050058,-0.17500274061278498
14,7,Standard QAOA,5.0,50,0.0,True,p_scaling,31.383781628945606,0.0,0.0,1.995083443478886,-0.14120671748301492,2.312439800007269,-0.20763075353286897
14,7,XY-QAOA Regularized,5.0,50,0.0,True,p_scaling,99.99999999999989,13.428062916981261,13.428062916981261,2.4862613347611826,-0.21494918717117134,2.242156400010572,-0.1515032624968587
14,7,Gurobi,,51,,True,p_scaling,100.0,0.0,0.0,2.6398757796055334,0.6156171398104506,0.00477750001300592,-0.1657755725048055
14,7,Standard QAOA,5.0,51,0.0,True,p_scaling,17.207431813726256,108.0100067528279,108.0100067528279,-0.618589331212397,-0.7415815513438511,2.290244400006486,0.013278634552174035
14,7,XY-QAOA Regularized,5.0,51,0.0,True,p_scaling,100.00000000000004,19.544004497056584,19.544004497056584,2.069091827517122,0.4763919612836502,2.223662200005492,-0.13337638715944503
14,7,Gurobi,,52,,True,p_scaling,100.0,0.0,0.0,2.4600169753733576,0.7072046458242278,0.0045593999966513366,-0.18033708934411236
14,7,Standard QAOA,5.0,52,0.0,True,p_scaling,14.504438624594194,0.0,0.0,1.7510420663191204,0.7799772655224771,2.3015157999907387,-0.21902113138314344
14,7,XY-QAOA Regularized,5.0,52,0.0,True,p_scaling,100.00000000000009,11.008227566481676,11.008227566481676,1.9894047719657464,1.380202277358733,2.2446739000006346,-0.1604851721623431
14,7,Gurobi,,53,,True,p_scaling,100.0,0.0,0.0,2.5766887759788966,0.9154472703821551,0.0045510999916587025,-0.21021900279727831
14,7,Standard QAOA,5.0,53,0.0,True,p_scaling,42.34550837893028,100.0,100.0,0.0,0.0,2.3451453000016045,0.0
14,7,XY-QAOA Regularized,5.0,53,0.0,True,p_scaling,99.99999999999997,30.562783206066523,30.562783206066523,2.328660550188825,0.14948668248902247,2.259149300007266,-0.14597022471439122
14,7,Gurobi,,42,,True,p_scaling,100.0,0.0,0.0,2.3319254836591403,1.374016892659323,0.004834299994399771,-0.16592715368449842
14,7,Standard QAOA,6.0,42,0.0,True,p_scaling,83.02043234222096,100.0,100.0,0.0,0.0,3.0747644000075525,0.0
14,7,XY-QAOA Regularized,6.0,42,0.0,True,p_scaling,99.99999999999997,20.69448648657714,20.69448648657714,1.788245469826889,0.6245176312990008,2.9990290999994613,-0.13158938128769782
14,7,Gurobi,,43,,True,p_scaling,100.0,0.0,0.0,2.2535393127755237,1.2959754326281852,0.004718299998785369,-0.18801383917150982
14,7,Standard QAOA,6.0,43,0.0,True,p_scaling,61.435091611390376,0.0,0.0,1.7332559065383562,0.6077816070215104,3.0086360999994213,-0.21654808938184436
14,7,XY-QAOA Regularized,6.0,43,0.0,True,p_scaling,100.00000000000007,18.500790133081434,18.500790133081434,1.8211675594526053,1.2404621574965926,3.0598663000128,-0.15322979336523954
14,7,Gurobi,,44,,True,p_scaling,100.0,0.0,0.0,2.4667402392654236,0.6142244492892334,0.0046252000029198825,-0.16303213854251009
14,7,Standard QAOA,6.0,44,0.0,True,p_scaling,76.28411474923159,0.0,0.0,1.6685257093567913,0.09498387286777364,3.0642576000100235,-0.18856024116778713
14,7,XY-QAOA Regularized,6.0,44,0.0,True,p_scaling,100.00000000000004,34.00430236452667,34.00430236452667,1.8321474225684262,0.14783048042774533,3.0246078000054695,-0.10759419720116092
14,7,Gurobi,,45,,True,p_scaling,100.0,0.0,0.0,2.523230895047299,0.8352536401397629,0.004385199994430877,-0.1911175701628825
14,7,Standard QAOA,6.0,45,0.0,True,p_scaling,87.54796953103344,0.0,0.0,1.9145366190396926,0.4992919328655887,3.0623446999961743,-0.22445456566332023
14,7,XY-QAOA Regularized,6.0,45,0.0,True,p_scaling,99.99999999999997,11.874275747128527,11.874275747128527,2.3142754984255247,0.6804347198621314,2.9916429000004428,-0.16842374288053
14,7,Gurobi,,46,,True,p_scaling,100.0,0.0,0.0,2.7471634427252303,0.5932491439584662,0.004676500000641681,-0.17097596653358674
14,7,Standard QAOA,6.0,46,0.0,True,p_scaling,86.15076866130735,100.0,100.0,0.0,0.0,3.0117035000002943,0.0
14,7,XY-QAOA Regularized,6.0,46,0.0,True,p_scaling,100.00000000000009,26.64399714965452,26.64399714965452,2.082976746446425,0.42590929504350633,2.973874200004502,-0.12542113488378362
14,7,Gurobi,,47,,True,p_scaling,100.0,0.0,0.0,2.8136773445502645,0.6494039994898749,0.004703799990238622,-0.19927561297031607
14,7,Standard QAOA,6.0,47,0.0,True,p_scaling,84.00218475876295,0.0,0.0,2.0460012556675333,0.4755124121943701,3.045919199998025,-0.24738479967045826
14,7,XY-QAOA Regularized,6.0,47,0.0,True,p_scaling,100.00000000000007,16.6053608071367,16.6053608071367,2.290068002262984,0.39594414677394757,2.9559701999969548,-0.16618517843596178
14,7,Gurobi,,48,,True,p_scaling,100.0,0.0,0.0,2.3694873756684607,0.9599899717972517,0.004570899996906519,-0.21263258622780884
14,7,Standard QAOA,6.0,48,0.0,True,p_scaling,71.15643256501838,100.0,100.0,0.0,0.0,3.056952899991302,0.0
14,7,XY-QAOA Regularized,6.0,48,0.0,True,p_scaling,100.00000000000009,6.884762174867396,6.884762174867396,2.5848653517630837,0.7167996712573935,3.01379789999919,-0.19799333835975436
14,7,Gurobi,,49,,True,p_scaling,100.0,0.0,0.0,3.0901143268219906,0.509276411196791,0.005067799997050315,-0.19761365269646575
14,7,Standard QAOA,6.0,49,0.0,True,p_scaling,39.2514741170153,0.0,0.0,2.4633973652081442,0.34403459342513143,3.0070063000021037,-0.2531358079693692
14,7,XY-QAOA Regularized,6.0,49,0.0,True,p_scaling,99.99999999999984,17.455156629193127,17.455156629193127,2.6082696812921617,0.4662259701925813,2.991956300000311,-0.16311988009762793
14,7,Gurobi,,50,,True,p_scaling,100.0,0.0,0.0,3.0852787558415224,0.3144006751824778,0.004398099990794435,-0.17500274061278498
14,7,Standard QAOA,6.0,50,0.0,True,p_scaling,75.95696619871526,0.0,0.0,1.995083443478886,-0.14120671748301492,3.03088970000681,-0.20763075353286897
14,7,XY-QAOA Regularized,6.0,50,0.0,True,p_scaling,100.00000000000011,21.384557976490967,21.384557976490967,2.2426413182179923,-0.24238057461728224,3.046321400004672,-0.13757917808599587
14,7,Gurobi,,51,,True,p_scaling,100.0,0.0,0.0,2.6398757796055334,0.6156171398104506,0.004989799999748357,-0.1657755725048055
14,7,Standard QAOA,6.0,51,0.0,True,p_scaling,90.25428528251936,0.0,0.0,1.943319357541439,0.21495184012261584,3.039417500011041,-0.20438912874995468
14,7,XY-QAOA Regularized,6.0,51,0.0,True,p_scaling,99.99999999999997,20.185898144242447,20.185898144242447,1.9822056682821436,0.3638923392696264,2.988808699999936,-0.13231228429095068
14,7,Gurobi,,52,,True,p_scaling,100.0,0.0,0.0,2.4600169753733576,0.7072046458242278,0.004505300006712787,-0.18033708934411236
14,7,Standard QAOA,6.0,52,0.0,True,p_scaling,64.7866238903225,100.0,100.0,0.0,0.0,3.02955110000039,0.0
14,7,XY-QAOA Regularized,6.0,52,0.0,True,p_scaling,100.0,3.6737744864982256,3.6737744864982256,2.2718215166117215,0.730476907344184,3.029133499992895,-0.17371191136609485
14,7,Gurobi,,53,,True,p_scaling,100.0,0.0,0.0,2.5766887759788966,0.9154472703821551,0.004750199994305149,-0.21021900279727831
14,7,Standard QAOA,6.0,53,0.0,True,p_scaling,90.1944436055341,0.0,0.0,1.999296064638601,0.33370208296532133,3.035520200006431,-0.2687171385207728
14,7,XY-QAOA Regularized,6.0,53,0.0,True,p_scaling,100.00000000000009,6.54604175647261,6.54604175647261,2.1248591654311038,0.6885645372844753,2.9785145000059856,-0.19645797909412815
14,7,Gurobi,,42,,True,p_scaling,100.0,0.0,0.0,2.3319254836591403,1.374016892659323,0.0046488999942084774,-0.16592715368449842
14,7,Standard QAOA,7.0,42,0.0,True,p_scaling,82.2859543482385,0.0,0.0,1.7915344612592516,0.5105710057414979,3.828316300001461,-0.1935948432485101
14,7,XY-QAOA Regularized,7.0,42,0.0,True,p_scaling,99.9999999999999,18.03837244778973,18.03837244778973,2.129207053289879,1.1064782949594931,3.8605841000098735,-0.13599659571087214
14,7,Gurobi,,43,,True,p_scaling,100.0,0.0,0.0,2.2535393127755237,1.2959754326281852,0.004737299997941591,-0.18801383917150982
14,7,Standard QAOA,7.0,43,0.0,True,p_scaling,88.11397199575009,0.0,0.0,1.7332559065383562,0.6077816070215104,3.8846921999938786,-0.21654808938184436
14,7,XY-QAOA Regularized,7.0,43,0.0,True,p_scaling,99.99999999999997,9.072773470667336,9.072773470667336,2.0714893272342074,1.160374356977369,3.794466300008935,-0.17095576944997393
14,7,Gurobi,,44,,True,p_scaling,100.0,0.0,0.0,2.4667402392654236,0.6142244492892334,0.00480190000962466,-0.16303213854251009
14,7,Standard QAOA,7.0,44,0.0,True,p_scaling,86.55406583478735,0.0,0.0,1.6685257093567913,0.09498387286777364,3.8201342999964254,-0.18856024116778713
14,7,XY-QAOA Regularized,7.0,44,0.0,True,p_scaling,99.99999999999987,12.474479514817068,12.474479514817068,2.2744643718369835,0.347659120842029,3.869052999987616,-0.14269472781745648
14,7,Gurobi,,45,,True,p_scaling,100.0,0.0,0.0,2.523230895047299,0.8352536401397629,0.004347499998402782,-0.1911175701628825
14,7,Standard QAOA,7.0,45,0.0,True,p_scaling,6.828190488061386,2.1519769142953433,2.1519769142953433,1.7602467350836097,0.40675234985782116,3.8916011999972397,-0.18700476417381506
14,7,XY-QAOA Regularized,7.0,45,0.0,True,p_scaling,100.00000000000031,32.60849983205859,32.60849983205859,2.263894512484828,0.4584021812123758,3.8167838000081247,-0.1287969976172845
14,7,Gurobi,,46,,True,p_scaling,100.0,0.0,0.0,2.7471634427252303,0.5932491439584662,0.004948899993905798,-0.17097596653358674
14,7,Standard QAOA,7.0,46,0.0,True,p_scaling,92.28310951623476,0.0,0.0,1.848358629630339,1.018486763339018,3.889198999997461,-0.21837492677424686
14,7,XY-QAOA Regularized,7.0,46,0.0,True,p_scaling,100.00000000000009,20.83252177049511,20.83252177049511,1.777156197162066,1.5179563277887897,3.8347013000020524,-0.13535736108316285
14,7,Gurobi,,47,,True,p_scaling,100.0,0.0,0.0,2.8136773445502645,0.6494039994898749,0.004546700001810677,-0.19927561297031607
14,7,Standard QAOA,7.0,47,0.0,True,p_scaling,33.8118898228507,0.0,0.0,2.0460012556675333,0.4755124121943701,3.921793699992122,-0.24738479967045826
14,7,XY-QAOA Regularized,7.0,47,0.0,True,p_scaling,99.99999999999984,15.054891029946443,15.054891029946443,2.186504338907873,0.6829908226741658,3.8260423000028823,-0.16927488658837717
14,7,Gurobi,,48,,True,p_scaling,100.0,0.0,0.0,2.3694873756684607,0.9599899717972517,0.004492399995797314,-0.21263258622780884
14,7,Standard QAOA,7.0,48,0.0,True,p_scaling,6.145573513393608,100.0,100.0,0.0,0.0,3.87362659999053,0.0
14,7,XY-QAOA Regularized,7.0,48,0.0,True,p_scaling,100.00000000000016,22.05310850676074,22.05310850676074,2.120033046266606,1.0341875339399667,3.870827400009148,-0.16574049126625856
14,7,Gurobi,,49,,True,p_scaling,100.0,0.0,0.0,3.0901143268219906,0.509276411196791,0.0043873999966308475,-0.19761365269646575
14,7,Standard QAOA,7.0,49,0.0,True,p_scaling,91.77233579865415,100.0,100.0,0.0,0.0,3.865054900001269,0.0
14,7,XY-QAOA Regularized,7.0,49,0.0,True,p_scaling,99.99999999999993,4.2654073315137975,4.2654073315137975,2.8910358109272765,0.5702536753079157,3.8241220000054454,-0.18918462546627848
14,7,Gurobi,,50,,True,p_scaling,100.0,0.0,0.0,3.0852787558415224,0.3144006751824778,0.004617900005541742,-0.17500274061278498
14,7,Standard QAOA,7.0,50,0.0,True,p_scaling,87.30041326442137,0.0,0.0,1.995083443478886,-0.14120671748301492,3.8680639999947743,-0.20763075353286897
14,7,XY-QAOA Regularized,7.0,50,0.0,True,p_scaling,100.00000000000007,31.09500201114065,31.09500201114065,1.9678089090879725,0.08514858802160613,3.808948200006853,-0.12058563489968824
14,7,Gurobi,,51,,True,p_scaling,100.0,0.0,0.0,2.6398757796055334,0.6156171398104506,0.004557599997497164,-0.1657755725048055
14,7,Standard QAOA,7.0,51,0.0,True,p_scaling,25.933280276694106,0.0,0.0,1.943319357541439,0.21495184012261584,3.9067756999866106,-0.20438912874995468
14,7,XY-QAOA Regularized,7.0,51,0.0,True,p_scaling,99.9999999999998,22.161654367534723,22.161654367534723,2.093680619887999,0.5927520180915111,3.8522177999984706,-0.1290369631004886
14,7,Gurobi,,52,,True,p_scaling,100.0,0.0,0.0,2.4600169753733576,0.7072046458242278,0.004611399999703281,-0.18033708934411236
14,7,Standard QAOA,7.0,52,0.0,True,p_scaling,76.57310346058249,0.0,0.0,1.7510420663191204,0.7799772655224771,3.8633574999985285,-0.21902113138314344
14,7,XY-QAOA Regularized,7.0,52,0.0,True,p_scaling,100.0000000000002,22.65441713279212,22.65441713279212,1.8193471783992572,1.1144129792131576,3.838321500006714,-0.13948277287896113
14,7,Gurobi,,53,,True,p_scaling,100.0,0.0,0.0,2.5766887759788966,0.9154472703821551,0.004745400001411326,-0.21021900279727831
14,7,Standard QAOA,7.0,53,0.0,True,p_scaling,43.575351876831014,0.0,0.0,1.999296064638601,0.33370208296532133,3.844037799994112,-0.2687171385207728
14,7,XY-QAOA Regularized,7.0,53,0.0,True,p_scaling,99.99999999999989,21.43663930824099,21.43663930824099,1.9596911109283848,0.3679561534166498,3.8317759000055958,-0.16515511341024472
14,7,Gurobi,,42,,True,p_scaling,100.0,0.0,0.0,2.3319254836591403,1.374016892659323,0.004699600001913495,-0.16592715368449842
14,7,Standard QAOA,8.0,42,0.0,True,p_scaling,74.33084838318533,103.8090902394525,103.8090902394525,-0.23949946478404135,-0.4562185592067768,4.840705700000399,0.006320315015597604
14,7,XY-QAOA Regularized,8.0,42,0.0,True,p_scaling,99.99999999999983,4.079185134812486,4.079185134812486,2.4169656869244425,0.5182163386692248,4.71975360000215,-0.1591586778967829
14,7,Gurobi,,43,,True,p_scaling,100.0,0.0,0.0,2.2535393127755237,1.2959754326281852,0.004621999993105419,-0.18801383917150982
14,7,Standard QAOA,8.0,43,0.0,True,p_scaling,71.35240310734193,68.43690304837035,68.43690304837035,1.671773810995089,1.1219602039619028,4.843548999997438,-0.05934299034018467
14,7,XY-QAOA Regularized,8.0,43,0.0,True,p_scaling,99.99999999999976,12.047976226643083,12.047976226643083,1.8737631098435616,1.1717403409991032,4.848634299996775,-0.16536197652532736
14,7,Gurobi,,44,,True,p_scaling,100.0,0.0,0.0,2.4667402392654236,0.6142244492892334,0.004620699997758493,-0.16303213854251009
14,7,Standard QAOA,8.0,44,0.0,True,p_scaling,86.85784728489563,100.0,100.0,0.0,0.0,4.912985699993442,0.0
14,7,XY-QAOA Regularized,8.0,44,0.0,True,p_scaling,99.99999999999991,50.47393509441955,50.47393509441955,1.1980961607459928,0.2969822835987719,4.74462240000139,-0.08074340275151938
14,7,Gurobi,,45,,True,p_scaling,100.0,0.0,0.0,2.523230895047299,0.8352536401397629,0.004460899988771416,-0.1911175701628825
14,7,Standard QAOA,8.0,45,0.0,True,p_scaling,60.3166521312545,100.0,100.0,0.0,0.0,4.862052700002096,0.0
14,7,XY-QAOA Regularized,8.0,45,0.0,True,p_scaling,100.00000000000023,7.422492555879287,7.422492555879287,2.707642471303183,0.6479344652988656,4.809481599993887,-0.17693188274456517
14,7,Gurobi,,46,,True,p_scaling,100.0,0.0,0.0,2.7471634427252303,0.5932491439584662,0.004789800004800782,-0.17097596653358674
14,7,Standard QAOA,8.0,46,0.0,True,p_scaling,70.58404380127972,100.0,100.0,0.0,0.0,4.86658339999849,0.0
14,7,XY-QAOA Regularized,8.0,46,0.0,True,p_scaling,100.00000000000004,18.677873101836422,18.677873101836422,1.8564676014263075,1.5659823911915018,4.754049800001667,-0.1390412924698051
14,7,Gurobi,,47,,True,p_scaling,100.0,0.0,0.0,2.8136773445502645,0.6494039994898749,0.004748400009702891,-0.19927561297031607
14,7,Standard QAOA,8.0,47,0.0,True,p_scaling,70.74310790178016,100.0,100.0,0.0,0.0,4.822164400000474,0.0
14,7,XY-QAOA Regularized,8.0,47,0.0,True,p_scaling,100.00000000000004,10.796369729107171,10.796369729107171,2.5294684646170844,0.6026549179048841,4.802674900012789,-0.1777610810140961
14,7,Gurobi,,48,,True,p_scaling,100.0,0.0,0.0,2.3694873756684607,0.9599899717972517,0.004343799999332987,-0.21263258622780884
14,7,Standard QAOA,8.0,48,0.0,True,p_scaling,65.99613823766455,0.0,0.0,2.0046713464556336,0.7027078291316677,4.900932599994121,-0.26806877734446266
14,7,XY-QAOA Regularized,8.0,48,0.0,True,p_scaling,100.00000000000013,7.805674915528781,7.805674915528781,2.4170612642304556,0.6494453347461357,4.757801700005075,-0.19603517778238466
14,7,Gurobi,,49,,True,p_scaling,100.0,0.0,0.0,3.0901143268219906,0.509276411196791,0.004387400011182763,-0.19761365269646575
14,7,Standard QAOA,8.0,49,0.0,True,p_scaling,70.17906628349137,77.9227828906868,77.9227828906868,2.386669648021044,1.266509338292442,4.83805159998883,-0.043627595143442895
14,7,XY-QAOA Regularized,8.0,49,0.0,True,p_scaling,99.99999999999982,11.971972750098418,11.971972750098418,2.4745496774909745,0.3418654245597417,4.795982099996763,-0.17395540004517074
14,7,Gurobi,,50,,True,p_scaling,100.0,0.0,0.0,3.0852787558415224,0.3144006751824778,0.004514600004767999,-0.17500274061278498
14,7,Standard QAOA,8.0,50,0.0,True,p_scaling,80.18378925659282,100.0,100.0,0.0,0.0,4.714496300002793,0.0
14,7,XY-QAOA Regularized,8.0,50,0.0,True,p_scaling,100.00000000000023,21.238607263984097,21.238607263984097,2.306258220002952,0.2471085224954699,4.732264699996449,-0.13783459583282678
14,7,Gurobi,,51,,True,p_scaling,100.0,0.0,0.0,2.6398757796055334,0.6156171398104506,0.004666599998017773,-0.1657755725048055
14,7,Standard QAOA,8.0,51,0.0,True,p_scaling,29.656960993529214,0.0,0.0,1.943319357541439,0.21495184012261584,4.883110700000543,-0.20438912874995468
14,7,XY-QAOA Regularized,8.0,51,0.0,True,p_scaling,99.99999999999997,12.752296461526353,12.752296461526353,2.1491305247119437,0.4114942402760882,4.771263300004648,-0.14463538003820015
14,7,Gurobi,,52,,True,p_scaling,100.0,0.0,0.0,2.4600169753733576,0.7072046458242278,0.004642299987608567,-0.18033708934411236
14,7,Standard QAOA,8.0,52,0.0,True,p_scaling,80.5123003039138,0.0,0.0,1.7510420663191204,0.7799772655224771,4.778513199998997,-0.21902113138314344
14,7,XY-QAOA Regularized,8.0,52,0.0,True,p_scaling,99.9999999999996,17.420333831566364,17.420333831566364,1.9809366247927278,0.6870977042219762,4.7635686000139685,-0.1489217663582379
14,7,Gurobi,,53,,True,p_scaling,100.0,0.0,0.0,2.5766887759788966,0.9154472703821551,0.004990499990526587,-0.21021900279727831
14,7,Standard QAOA,8.0,53,0.0,True,p_scaling,42.23455115768661,100.0,100.0,0.0,0.0,4.853691999989678,0.0
14,7,XY-QAOA Regularized,8.0,53,0.0,True,p_scaling,99.99999999999996,33.80907727931176,33.80907727931176,1.9006026255010067,0.003954656604230551,4.81189510000695,-0.13914589768574795
